Year,CommodityCode,CropName,CountyCode,County,HarvestedAcres,Yield(Unit/Acre),Production,Price(Dollars/Unit),Unit, Value(Dollar) 
2020,216299,GRAPESWINE,1,Alameda,2530,5.14,13000,1497.69,Tons,19.47
2020,216299,GRAPESWINE,5,Amador,5360,2.31,12400,1318.31,Tons,16.347
2020,216299,GRAPESWINE,9,Calaveras,579,3.06,1770,1325.99,Tons,2.347
2020,216299,GRAPESWINE,11,Colusa,747,6.02,4500,684.67,Tons,3.081
2020,216299,GRAPESWINE,13,ContraCosta,1940,4.69,9090,751.27,Tons,6.829
2020,216299,GRAPESWINE,17,ElDorado,2620,2.38,6240,1548.56,Tons,9.663
2020,216299,GRAPESWINE,19,Fresno,56900,12.13,690000,362.14,Tons,249.877
2020,216299,GRAPESWINE,29,Kern,25200,7.54,190000,314.04,Tons,59.668
2020,216299,GRAPESWINE,31,Kings,3590,16.46,59100,286.87,Tons,16.954
2020,216299,GRAPESWINE,33,Lake,9580,4.12,39500,1329.37,Tons,52.51
2020,216299,GRAPESWINE,39,Madera,33000,11.82,390000,348.98,Tons,136.101
2020,216299,GRAPESWINE,41,Marin,195,1.33,260,3607.69,Tons,0.938
2020,216299,GRAPESWINE,45,Mendocino,16400,3.37,55200,1488.8,Tons,82.182
2020,216299,GRAPESWINE,47,Merced,13200,10.91,144000,440.41,Tons,63.419
2020,216299,GRAPESWINE,53,Monterey,44900,2.1,94300,1123.98,Tons,105.991
2020,216299,GRAPESWINE,55,Napa,45200,2.2,99300,4646.48,Tons,461.395
2020,216299,GRAPESWINE,57,Nevada,408,,,,,2.666
2020,216299,GRAPESWINE,61,Placer,315,2.79,879,2235.49,Tons,1.965
2020,216299,GRAPESWINE,65,Riverside,1740,6.72,11700,1623.93,Tons,19
2020,216299,GRAPESWINE,67,Sacramento,36000,8.19,295000,528.73,Tons,155.975
2020,216299,GRAPESWINE,69,SanBenito,4740,5.23,24800,1402.14,Tons,34.773
2020,216299,GRAPESWINE,71,SanBernardino,372,0.61,227,1938.33,Tons,0.44
2020,216299,GRAPESWINE,73,SanDiego,1370,2.24,3070,1695.77,Tons,5.206
2020,216299,GRAPESWINE,77,SanJoaquin,91200,6.67,608000,560.71,Tons,340.913
2020,216299,GRAPESWINE,79,SanLuisObispo,43800,3.04,133000,1640.89,Tons,218.238
2020,216299,GRAPESWINE,81,SanMateo,176,,,,,1.312
2020,216299,GRAPESWINE,83,SantaBarbara,14400,2.97,42800,2192.43,Tons,93.836
2020,216299,GRAPESWINE,85,SantaClara,1730,3.49,6040,1983.77,Tons,11.982
2020,216299,GRAPESWINE,87,SantaCruz,670,2.39,1600,3008.75,Tons,4.814
2020,216299,GRAPESWINE,89,Shasta,200,2.5,500,1000,Tons,0.5
2020,216299,GRAPESWINE,95,Solano,4000,5.6,22400,945.94,Tons,21.189
2020,216299,GRAPESWINE,97,Sonoma,56800,2.61,148000,2375.08,Tons,351.512
2020,216299,GRAPESWINE,99,Stanislaus,8500,9.49,80700,440.61,Tons,35.557
2020,216299,GRAPESWINE,103,Tehama,138,4.23,584,1804.79,Tons,1.054
2020,216299,GRAPESWINE,107,Tulare,6500,17.23,112000,317,Tons,35.504
2020,216299,GRAPESWINE,113,Yolo,19200,7.81,150000,699.67,Tons,104.951
2019,216299,GRAPESWINE,1,Alameda,3390,5.34,18100,1503.04,Tons,27.205
2019,216299,GRAPESWINE,5,Amador,4880,3.55,17300,1250,Tons,21.625
2019,216299,GRAPESWINE,9,Calaveras,711,4.5,3200,1419.69,Tons,4.543
2019,216299,GRAPESWINE,11,Colusa,1890,8.84,16700,806.35,Tons,13.466
2019,216299,GRAPESWINE,13,ContraCosta,2140,5.47,11700,809.4,Tons,9.47
2019,216299,GRAPESWINE,17,ElDorado,2640,2.66,7020,1722.51,Tons,12.092
2019,216299,GRAPESWINE,19,Fresno,53500,13.83,740000,343.65,Tons,254.3
2019,216299,GRAPESWINE,29,Kern,28500,8.46,241000,238.81,Tons,57.554
2019,216299,GRAPESWINE,31,Kings,3670,17.19,63100,268.86,Tons,16.965
2019,216299,GRAPESWINE,33,Lake,9340,5.05,47200,1773.62,Tons,83.715
2019,216299,GRAPESWINE,39,Madera,34100,11.26,384000,340.01,Tons,130.562
2019,216299,GRAPESWINE,41,Marin,195,2.08,406,3371.92,,1.369
2019,216299,GRAPESWINE,43,Mariposa,73,0.52,38,1263.16,Tons,0.048
2019,216299,GRAPESWINE,45,Mendocino,16500,4.11,67800,1678.6,Tons,113.809
2019,216299,GRAPESWINE,47,Merced,13200,11.36,150000,398.3,Tons,59.745
2019,216299,GRAPESWINE,53,Monterey,44700,2.95,132000,1409.82,Tons,186.096
2019,216299,GRAPESWINE,55,Napa,44200,3.62,160000,5862.26,Tons,937.962
2019,216299,GRAPESWINE,57,Nevada,416,3.92,1630,1564.42,,2.55
2019,216299,GRAPESWINE,61,Placer,307,3.75,1150,1386.09,Tons,1.594
2019,216299,GRAPESWINE,65,Riverside,1730,3.82,6600,2503.64,Tons,16.524
2019,216299,GRAPESWINE,67,Sacramento,35500,8.9,316000,555.13,Tons,175.422
2019,216299,GRAPESWINE,69,SanBenito,4740,4.62,21900,1526.21,Tons,33.424
2019,216299,GRAPESWINE,71,SanBernardino,219,1.38,302,1231.79,Tons,0.372
2019,216299,GRAPESWINE,73,SanDiego,1510,2.38,3600,1550,Tons,5.58
2019,216299,GRAPESWINE,77,SanJoaquin,95900,7.11,682000,546.14,Tons,372.467
2019,216299,GRAPESWINE,79,SanLuisObispo,48400,3.1,150000,1695.15,Tons,254.273
2019,216299,GRAPESWINE,81,SanMateo,181,,,,,1.341
2019,216299,GRAPESWINE,83,SantaBarbara,14900,3.37,50200,2113.13,Tons,106.079
2019,216299,GRAPESWINE,85,SantaClara,1700,3.4,5780,1997.4,Tons,11.545
2019,216299,GRAPESWINE,87,SantaCruz,679,2.55,1730,3384.97,Tons,5.856
2019,216299,GRAPESWINE,89,Shasta,170,1.7,289,1000,Tons,0.289
2019,216299,GRAPESWINE,95,Solano,3730,5.47,20400,1058.19,Tons,21.587
2019,216299,GRAPESWINE,97,Sonoma,57500,4,230000,2843.57,Tons,654.021
2019,216299,GRAPESWINE,99,Stanislaus,9230,9.17,84600,481.54,Tons,40.738
2019,216299,GRAPESWINE,103,Tehama,162,3.36,544,1604.78,Tons,0.873
2019,216299,GRAPESWINE,105,Trinity,44,1.93,85,1729.41,Tons,0.147
2019,216299,GRAPESWINE,107,Tulare,6260,18.69,117000,290,Tons,33.93
2019,216299,GRAPESWINE,113,Yolo,19100,7.17,137000,789.36,Tons,108.143
2018,216299,GRAPESWINE,1,Alameda,3390,5.34,18100,1503.04,Tons,27.205
2018,216299,GRAPESWINE,5,Amador,4910,3.71,18200,1362.09,Tons,24.79
2018,216299,GRAPESWINE,9,Calaveras,711,3.21,2280,1486.84,Tons,3.39
2018,216299,GRAPESWINE,11,Colusa,1970,8.22,16200,853.46,Tons,13.826
2018,216299,GRAPESWINE,13,ContraCosta,2440,5.29,12900,897.83,Tons,11.582
2018,216299,GRAPESWINE,17,ElDorado,2670,2.57,6850,1630.51,Tons,11.169
2018,216299,GRAPESWINE,19,Fresno,59500,12.92,769000,373.14,Tons,286.941
2018,216299,GRAPESWINE,29,Kern,29200,9.45,276000,299,Tons,82.523
2018,216299,GRAPESWINE,31,Kings,3670,15.07,55300,293.16,Tons,16.212
2018,216299,GRAPESWINE,33,Lake,9250,5.02,46400,1755.82,Tons,81.47
2018,216299,GRAPESWINE,39,Madera,34800,11.15,388000,323.02,Tons,125.331
2018,216299,GRAPESWINE,41,Marin,195,1.96,382,3201.57,Tons,1.223
2018,216299,GRAPESWINE,43,Mariposa,73,0.52,38,1263.16,Tons,0.048
2018,216299,GRAPESWINE,45,Mendocino,16700,4.9,81900,1684.4,Tons,137.952
2018,216299,GRAPESWINE,47,Merced,13400,9.7,130000,392.85,Tons,51.07
2018,216299,GRAPESWINE,53,Monterey,44900,4.01,180000,1376.43,Tons,247.758
2018,216299,GRAPESWINE,55,Napa,43400,4.26,185000,5614.05,Tons,1038.6
2018,216299,GRAPESWINE,57,Nevada,416,4.52,1880,1284.57,Tons,2.415
2018,216299,GRAPESWINE,61,Placer,293,3.65,1070,1355.14,Tons,1.45
2018,216299,GRAPESWINE,65,Riverside,2310,3.81,8800,1623.52,Tons,14.287
2018,216299,GRAPESWINE,67,Sacramento,36400,8.79,320000,583.68,Tons,186.777
2018,216299,GRAPESWINE,69,SanBenito,4740,4.77,22600,1500.66,Tons,33.915
2018,216299,GRAPESWINE,71,SanBernardino,223,0.35,78,1205.13,Tons,0.094
2018,216299,GRAPESWINE,73,SanDiego,1640,2,3280,1399.7,Tons,4.591
2018,216299,GRAPESWINE,77,SanJoaquin,97200,7.73,751000,573.23,Tons,430.492
2018,216299,GRAPESWINE,79,SanLuisObispo,42900,4.13,177000,1559.33,Tons,276.002
2018,216299,GRAPESWINE,81,SanMateo,126,,,,Tons,1.407
2018,216299,GRAPESWINE,83,SantaBarbara,16200,3.65,59100,2052.57,Tons,121.307
2018,216299,GRAPESWINE,85,SantaClara,1670,3.74,6250,1797.6,Tons,11.235
2018,216299,GRAPESWINE,87,SantaCruz,630,2.27,1430,2934.97,Tons,4.197
2018,216299,GRAPESWINE,89,Shasta,170,2.6,442,1138.01,Tons,0.503
2018,216299,GRAPESWINE,95,Solano,3720,6.45,24000,1225.17,Tons,29.404
2018,216299,GRAPESWINE,97,Sonoma,59900,4.61,276000,2817.66,Tons,777.675
2018,216299,GRAPESWINE,103,Tehama,141,5.16,728,1837.91,Tons,1.338
2018,216299,GRAPESWINE,105,Trinity,44,1.93,85,1729.41,Tons,0.147
2018,216299,GRAPESWINE,107,Tulare,8410,17.72,149000,314,Tons,46.786
2018,216299,GRAPESWINE,113,Yolo,14800,6.53,96600,865.38,Tons,83.596
2017,216299,GRAPESWINE,1,Alameda,2420,5.08,12300,1447.32,Tons,17.802
2017,216299,GRAPESWINE,5,Amador,4570,3.54,16200,1418.7,Tons,22.983
2017,216299,GRAPESWINE,9,Calaveras,683,2.94,2010,1479.1,Tons,2.973
2017,216299,GRAPESWINE,11,Colusa,1670,10.42,17400,773.1,Tons,13.452
2017,216299,GRAPESWINE,13,ContraCosta,2550,5.06,12900,924.03,Tons,11.92
2017,216299,GRAPESWINE,17,ElDorado,2340,2.53,5930,1503.2,Tons,8.914
2017,216299,GRAPESWINE,19,Fresno,59700,13.32,795000,361.02,Tons,287.013
2017,216299,GRAPESWINE,29,Kern,32200,8.6,277000,311.22,Tons,86.209
2017,216299,GRAPESWINE,31,Kings,3600,15.64,56300,287.14,Tons,16.166
2017,216299,GRAPESWINE,33,Lake,8230,5.65,46500,1691.27,Tons,78.644
2017,216299,GRAPESWINE,39,Madera,36800,10.65,392000,304.11,Tons,119.212
2017,216299,GRAPESWINE,41,Marin,195,1.49,291,3072.16,Tons,0.894
2017,216299,GRAPESWINE,43,Mariposa,73,0.52,38,1263.16,Tons,0.048
2017,216299,GRAPESWINE,45,Mendocino,16900,3.39,57300,1540.79,Tons,88.287
2017,216299,GRAPESWINE,47,Merced,13600,10.37,141000,349.32,Tons,49.254
2017,216299,GRAPESWINE,53,Monterey,44300,3.86,171000,1397.82,Tons,239.027
2017,216299,GRAPESWINE,55,Napa,43600,3.26,142000,5287.55,Tons,750.832
2017,216299,GRAPESWINE,57,Nevada,416,3.65,1520,1287.5,Tons,1.957
2017,216299,GRAPESWINE,61,Placer,270,3.01,814,1371.01,Tons,1.116
2017,216299,GRAPESWINE,65,Riverside,2530,3.44,8700,1520.34,Tons,13.227
2017,216299,GRAPESWINE,67,Sacramento,35300,7.79,275000,618.84,Tons,170.181
2017,216299,GRAPESWINE,69,SanBenito,4380,4.86,21300,1460.89,Tons,31.117
2017,216299,GRAPESWINE,71,SanBernardino,268,1.69,454,663,Tons,0.301
2017,216299,GRAPESWINE,73,SanDiego,1210,2.3,2780,1386.33,Tons,3.854
2017,216299,GRAPESWINE,77,SanJoaquin,98100,6.79,666000,593.91,Tons,395.541
2017,216299,GRAPESWINE,79,SanLuisObispo,42200,3.89,164000,1632.09,Tons,267.662
2017,216299,GRAPESWINE,81,SanMateo,164,,,,Tons,1.182
2017,216299,GRAPESWINE,83,SantaBarbara,21600,3.37,72700,2010.04,Tons,146.13
2017,216299,GRAPESWINE,85,SantaClara,1600,3.44,5510,1827.04,Tons,10.067
2017,216299,GRAPESWINE,87,SantaCruz,638,2.35,1500,3226.67,Tons,4.84
2017,216299,GRAPESWINE,89,Shasta,170,2.5,425,1134.12,Tons,0.482
2017,216299,GRAPESWINE,95,Solano,4110,4.62,19000,1072.05,Tons,20.369
2017,216299,GRAPESWINE,97,Sonoma,60000,3.43,206000,2807.34,Tons,578.313
2017,216299,GRAPESWINE,105,Trinity,44,1.93,85,1729.41,Tons,0.147
2017,216299,GRAPESWINE,107,Tulare,9450,17.35,164000,308,Tons,50.512
2017,216299,GRAPESWINE,113,Yolo,14800,6.89,102000,843.25,Tons,86.012
2016,216299,GRAPESWINE,1,Alameda,2630,4.83,12700,1432.2,Tons,18.189
2016,216299,GRAPESWINE,5,Amador,4260,3.17,13500,1335.41,Tons,18.028
2016,216299,GRAPESWINE,9,Calaveras,696,2.89,2010,1375.62,Tons,2.765
2016,216299,GRAPESWINE,11,Colusa,1390,10.36,14400,542.15,Tons,7.807
2016,216299,GRAPESWINE,13,ContraCosta,2500,5.04,12600,1096.03,Tons,13.81
2016,216299,GRAPESWINE,17,ElDorado,2340,2.58,6030,1449.59,Tons,8.741
2016,216299,GRAPESWINE,19,Fresno,75500,10,755000,382.85,Tons,289.053
2016,216299,GRAPESWINE,29,Kern,29700,7.85,233000,298.54,Tons,69.559
2016,216299,GRAPESWINE,31,Kings,3730,13.62,50800,286.22,Tons,14.54
2016,216299,GRAPESWINE,33,Lake,8230,5.65,46500,1691.27,Tons,78.644
2016,216299,GRAPESWINE,39,Madera,37300,11.23,419000,314.01,Tons,131.571
2016,216299,GRAPESWINE,41,Marin,182,1.37,250,3468,Tons,0.867
2016,216299,GRAPESWINE,43,Mariposa,73,0.52,38,1263.16,Tons,0.048
2016,216299,GRAPESWINE,45,Mendocino,16900,3.39,57300,1540.79,Tons,88.287
2016,216299,GRAPESWINE,47,Merced,13600,11.18,152000,525.6,Tons,79.891
2016,216299,GRAPESWINE,53,Monterey,44800,3.84,172000,1388.91,Tons,238.892
2016,216299,GRAPESWINE,55,Napa,43400,3.53,153000,4768.02,Tons,729.507
2016,216299,GRAPESWINE,57,Nevada,417,3.33,1390,1386.33,Tons,1.927
2016,216299,GRAPESWINE,61,Placer,265,3.11,823,1245.44,Tons,1.025
2016,216299,GRAPESWINE,65,Riverside,2630,2.09,5500,1746.18,Tons,9.604
2016,216299,GRAPESWINE,67,Sacramento,33900,8.5,288000,639.59,Tons,184.202
2016,216299,GRAPESWINE,69,SanBenito,4380,4.86,21300,1460.89,Tons,31.117
2016,216299,GRAPESWINE,71,SanBernardino,268,0.72,192,1463.54,Tons,0.281
2016,216299,GRAPESWINE,73,SanDiego,930,2.71,2520,1192.46,Tons,3.005
2016,216299,GRAPESWINE,77,SanJoaquin,98000,7.31,716000,594.67,Tons,425.781
2016,216299,GRAPESWINE,79,SanLuisObispo,40300,3.87,156000,1557.05,Tons,242.9
2016,216299,GRAPESWINE,81,SanMateo,152,,,,Tons,0.703
2016,216299,GRAPESWINE,83,SantaBarbara,21300,3.87,82500,1837.94,Tons,151.63
2016,216299,GRAPESWINE,85,SantaClara,1580,2.84,4490,1703.56,Tons,7.649
2016,216299,GRAPESWINE,87,SantaCruz,626,2.43,1520,2988.82,Tons,4.543
2016,216299,GRAPESWINE,89,Shasta,160,1.7,272,1110.29,Tons,0.302
2016,216299,GRAPESWINE,95,Solano,4110,5.79,23800,821.85,Tons,19.56
2016,216299,GRAPESWINE,97,Sonoma,60000,3.77,226000,2595.21,Tons,586.518
2016,216299,GRAPESWINE,105,Trinity,44,1.93,85,1729.41,Tons,0.147
2016,216299,GRAPESWINE,107,Tulare,9940,15.29,152000,303,Tons,46.056
2016,216299,GRAPESWINE,113,Yolo,14500,7.1,103000,788.97,Tons,81.264
2015,216299,GRAPESWINE,1,Alameda,2400,4.14,9940,1529.98,Tons,15.208
2015,216299,GRAPESWINE,5,Amador,4530,2.49,11300,1294.78,Tons,14.631
2015,216299,GRAPESWINE,9,Calaveras,900,1.9,1710,1300,Tons,2.223
2015,216299,GRAPESWINE,11,Colusa,1820,8.35,15200,463.82,Tons,7.05
2015,216299,GRAPESWINE,13,ContraCosta,1900,4.44,8430,874.02,Tons,7.368
2015,216299,GRAPESWINE,17,ElDorado,2220,2.42,5370,1508.19,Tons,8.099
2015,216299,GRAPESWINE,19,Fresno,60200,12.79,770000,312.55,Tons,240.662
2015,216299,GRAPESWINE,29,Kern,30000,8.63,259000,303.26,Tons,78.544
2015,216299,GRAPESWINE,31,Kings,3330,12.19,40600,261.01,Tons,10.597
2015,216299,GRAPESWINE,33,Lake,8060,4.81,38800,1633.76,Tons,63.39
2015,216299,GRAPESWINE,39,Madera,39000,11.44,446000,302,Tons,134.694
2015,216299,GRAPESWINE,41,Marin,175,0.59,103,3368.93,Tons,0.347
2015,216299,GRAPESWINE,43,Mariposa,73,0.52,38,1263.16,Tons,0.048
2015,216299,GRAPESWINE,45,Mendocino,16900,3.39,57300,1540.79,Tons,88.287
2015,216299,GRAPESWINE,47,Merced,13700,9.2,126000,424.01,Tons,53.425
2015,216299,GRAPESWINE,53,Monterey,44300,3.16,140000,1328.04,Tons,185.925
2015,216299,GRAPESWINE,55,Napa,43000,2.88,124000,4410.76,Tons,546.934
2015,216299,GRAPESWINE,57,Nevada,352,1.87,659,1349.01,Tons,0.889
2015,216299,GRAPESWINE,61,Placer,215,1.63,350,1488.57,Tons,0.521
2015,216299,GRAPESWINE,65,Riverside,2630,3.8,10000,1363.9,Tons,13.639
2015,216299,GRAPESWINE,67,Sacramento,31200,7.12,222000,577.18,Tons,128.134
2015,216299,GRAPESWINE,69,SanBenito,4120,3.37,13900,1321.8,Tons,18.373
2015,216299,GRAPESWINE,71,SanBernardino,373,0.46,171,608.19,Tons,0.104
2015,216299,GRAPESWINE,73,SanDiego,969,3,2910,1454.64,Tons,4.233
2015,216299,GRAPESWINE,77,SanJoaquin,97900,6.23,610000,576.15,Tons,351.453
2015,216299,GRAPESWINE,79,SanLuisObispo,39000,2.53,98800,1482.14,Tons,146.435
2015,216299,GRAPESWINE,81,SanMateo,165,,,,Tons,0.677
2015,216299,GRAPESWINE,83,SantaBarbara,21300,3.12,66400,1599.37,Tons,106.198
2015,216299,GRAPESWINE,85,SantaClara,1540,2.09,3220,1710.87,Tons,5.509
2015,216299,GRAPESWINE,87,SantaCruz,656,1.26,827,2844.01,Tons,2.352
2015,216299,GRAPESWINE,89,Shasta,160,1.2,192,817.71,Tons,0.157
2015,216299,GRAPESWINE,95,Solano,4440,4.03,17900,837.32,Tons,14.988
2015,216299,GRAPESWINE,97,Sonoma,58200,3.14,183000,2440.1,Tons,446.539
2015,216299,GRAPESWINE,107,Tulare,8860,16.25,144000,297,Tons,42.768
2015,216299,GRAPESWINE,113,Yolo,13300,6.84,91000,774.31,Tons,70.462
2014,216299,GRAPESWINE,1,Alameda,2420,4.38,10600,1486.42,Tons,15.756
2014,216299,GRAPESWINE,5,Amador,3900,3.18,12400,1271.85,Tons,15.771
2014,216299,GRAPESWINE,9,Calaveras,900,2.18,1960,1391.33,Tons,2.727
2014,216299,GRAPESWINE,11,Colusa,2170,8.29,18000,548.61,Tons,9.875
2014,216299,GRAPESWINE,17,ElDorado,2110,2.53,5340,1420.04,Tons,7.583
2014,216299,GRAPESWINE,19,Fresno,58700,11.24,660000,391.95,Tons,258.688
2014,216299,GRAPESWINE,29,Kern,27800,9.82,273000,314.21,Tons,85.78
2014,216299,GRAPESWINE,31,Kings,4800,11.96,57400,289.79,Tons,16.634
2014,216299,GRAPESWINE,33,Lake,8070,4.8,38700,1521.11,Tons,58.867
2014,216299,GRAPESWINE,39,Madera,40300,9.73,392000,336.81,Tons,132.031
2014,216299,GRAPESWINE,41,Marin,175,1.86,325,2163.08,Tons,0.703
2014,216299,GRAPESWINE,43,Mariposa,77,0.77,59,1118.64,Tons,0.066
2014,216299,GRAPESWINE,45,Mendocino,16900,3.67,62000,1511.15,Tons,93.691
2014,216299,GRAPESWINE,47,Merced,12900,8.6,111000,300.92,Tons,33.402
2014,216299,GRAPESWINE,53,Monterey,46000,4.35,200000,1236.79,Tons,247.357
2014,216299,GRAPESWINE,55,Napa,43600,4.04,176000,4061.43,Tons,714.811
2014,216299,GRAPESWINE,57,Nevada,342,3.86,1320,1341.67,Tons,1.771
2014,216299,GRAPESWINE,61,Placer,212,2.57,545,1390.83,Tons,0.758
2014,216299,GRAPESWINE,65,Riverside,2720,3.93,10700,1274.3,Tons,13.635
2014,216299,GRAPESWINE,67,Sacramento,30000,7.5,225000,581.62,Tons,130.864
2014,216299,GRAPESWINE,69,SanBenito,4470,2.86,12800,1198.05,Tons,15.335
2014,216299,GRAPESWINE,71,SanBernardino,270,0.53,144,798.61,Tons,0.115
2014,216299,GRAPESWINE,73,SanDiego,923,4.6,4250,1545.41,Tons,6.568
2014,216299,GRAPESWINE,77,SanJoaquin,102000,8,816000,590,Tons,481.44
2014,216299,GRAPESWINE,79,SanLuisObispo,37400,3.82,143000,1425.07,Tons,203.785
2014,216299,GRAPESWINE,81,SanMateo,154,,,,Tons,1.031
2014,216299,GRAPESWINE,83,SantaBarbara,21100,4.29,90600,1713.64,Tons,155.256
2014,216299,GRAPESWINE,85,SantaClara,1600,3.53,5640,1483.69,Tons,8.368
2014,216299,GRAPESWINE,87,SantaCruz,654,2.55,1670,2921.56,Tons,4.879
2014,216299,GRAPESWINE,89,Shasta,160,2.9,464,1133.62,Tons,0.526
2014,216299,GRAPESWINE,95,Solano,4380,5.25,23000,766.13,Tons,17.621
2014,216299,GRAPESWINE,97,Sonoma,58300,4.39,256000,2315.62,Tons,592.798
2014,216299,GRAPESWINE,107,Tulare,11200,15.98,179000,311,Tons,55.669
2014,216299,GRAPESWINE,113,Yolo,12600,7.37,92800,743.1,Tons,68.96
2013,216299,GRAPESWINE,1,Alameda,2800,5.82,16300,979.45,tons,15.965
2013,216299,GRAPESWINE,5,Amador,4040,3.61,14600,1281.71,tons,18.713
2013,216299,GRAPESWINE,9,Calaveras,910,2.7,2460,1388.21,tons,3.415
2013,216299,GRAPESWINE,11,Colusa,2460,8.29,20400,638.82,tons,13.032
2013,216299,GRAPESWINE,17,ElDorado,2120,2.71,5740,1395.64,tons,8.011
2013,216299,GRAPESWINE,19,Fresno,54571,13.12,716000,409.68,tons,293.328
2013,216299,GRAPESWINE,29,Kern,27200,11.18,304000,408.35,tons,124.139
2013,216299,GRAPESWINE,31,Kings,4280,13.62,58300,326.9,tons,19.058
2013,216299,GRAPESWINE,33,Lake,8250,5.28,43600,1406.88,tons,61.34
2013,216299,GRAPESWINE,39,Madera,40000,11.05,442000,383.71,tons,169.601
2013,216299,GRAPESWINE,41,Marin,175,1.75,306,2856.21,tons,0.874
2013,216299,GRAPESWINE,43,Mariposa,110,1.15,127,1283.46,tons,0.163
2013,216299,GRAPESWINE,45,Mendocino,16800,4.64,77900,1452.37,tons,113.14
2013,216299,GRAPESWINE,47,Merced,12400,12.02,149000,424.19,tons,63.205
2013,216299,GRAPESWINE,51,Mono,25,3,75,637.33,tons,0.0478
2013,216299,GRAPESWINE,53,Monterey,43000,4.3,185000,1226.93,tons,226.982
2013,216299,GRAPESWINE,55,Napa,43600,4.01,175000,3749.91,tons,656.235
2013,216299,GRAPESWINE,57,Nevada,424,2.92,1240,1521.77,tons,1.887
2013,216299,GRAPESWINE,61,Placer,211,3.55,750,1225.33,tons,0.919
2013,216299,GRAPESWINE,65,Riverside,2670,4.01,10700,1274.21,tons,13.634
2013,216299,GRAPESWINE,67,Sacramento,29000,8.41,244000,533.26,tons,130.115
2013,216299,GRAPESWINE,69,SanBenito,3890,4.06,15800,1377.97,tons,21.772
2013,216299,GRAPESWINE,71,SanBernardino,270,0.69,185,978.38,tons,0.181
2013,216299,GRAPESWINE,73,SanDiego,842,5,4210,1547.03,tons,6.513
2013,216299,GRAPESWINE,77,SanJoaquin,96400,8.93,861000,576.5,tons,496.37
2013,216299,GRAPESWINE,79,SanLuisObispo,36300,4.55,165000,1335.48,tons,220.355
2013,216299,GRAPESWINE,81,SanMateo,153,,,,tons,1.073
2013,216299,GRAPESWINE,83,SantaBarbara,21000,4.16,87400,1869.13,tons,163.362
2013,216299,GRAPESWINE,85,SantaClara,1590,3.84,6100,1442.95,tons,8.802
2013,216299,GRAPESWINE,87,SantaCruz,656,2.71,1780,2584.83,tons,4.601
2013,216299,GRAPESWINE,89,Shasta,160,2,320,1162.5,tons,0.372
2013,216299,GRAPESWINE,95,Solano,3910,5.42,21200,848.92,tons,17.997
2013,216299,GRAPESWINE,97,Sonoma,59800,4.53,271000,2232.72,tons,605.068
2013,216299,GRAPESWINE,105,Trinity,114,2.33,266,1214.29,tons,0.323
2013,216299,GRAPESWINE,107,Tulare,10900,16.24,177000,368,tons,65.136
2013,216299,GRAPESWINE,113,Yolo,13000,7.77,101000,688.05,tons,69.493
2012,216299,GRAPESWINE,1,Alameda,2940,3.74,11000,1251.27,Tons,13.764
2012,216299,GRAPESWINE,5,Amador,4000,3.25,13000,1183.38,TONS,15.384
2012,216299,GRAPESWINE,9,Calaveras,910,2.5,2275,1236.92,TONS,2.814
2012,216299,GRAPESWINE,11,Colusa,2450,10.29,25200,594.56,Tons,14.983
2012,216299,GRAPESWINE,17,ElDorado,2060,2.75,5675,1378.68,Tons,7.824
2012,216299,GRAPESWINE,19,Fresno,86700,10.38,900000,385.48,Tons,346.934
2012,216299,GRAPESWINE,29,Kern,35800,10.59,379000,382.74,Tons,145.059
2012,216299,GRAPESWINE,31,Kings,4110,12.9,53000,315.06,Tons,16.698
2012,216299,GRAPESWINE,33,Lake,8160,4.26,34800,1375.86,Tons,47.88
2012,216299,GRAPESWINE,39,Madera,51100,10.84,554000,374.78,Tons,207.626
2012,216299,GRAPESWINE,41,Marin,186,2.08,387,3170.54,Tons,1.227
2012,216299,GRAPESWINE,43,Mariposa,104,0.99,103,1135.92,Tons,0.117
2012,216299,GRAPESWINE,45,Mendocino,16800,4.23,71100,1438.9,Tons,102.306
2012,216299,GRAPESWINE,47,Merced,12200,11.23,137000,421.8,Tons,57.787
2012,216299,GRAPESWINE,51,Mono,3,25,75,653.33,Tons,0.049
2012,216299,GRAPESWINE,53,Monterey,45100,3.81,172000,1247.49,Tons,214.568
2012,216299,GRAPESWINE,55,Napa,43200,4.24,183000,3585.99,Tons,656.236
2012,216299,GRAPESWINE,57,Nevada,312,2.75,858,1393.94,Tons,1.196
2012,216299,GRAPESWINE,61,Placer,197,3.55,699,1100.14,Tons,0.769
2012,216299,GRAPESWINE,65,Riverside,2740,3.15,8620,1240.37,Tons,10.692
2012,216299,GRAPESWINE,67,Sacramento,32400,8.09,262000,570.74,Tons,149.534
2012,216299,GRAPESWINE,69,SanBenito,3650,4.77,17400,1097.53,Tons,19.097
2012,216299,GRAPESWINE,71,SanBernardino,317,2.01,638,598.75,Tons,0.382
2012,216299,GRAPESWINE,73,SanDiego,752,6.4,4810,1149.69,Tons,5.53
2012,216299,GRAPESWINE,77,SanJoaquin,109000,8.18,892000,605.72,Tons,540.303
2012,216299,GRAPESWINE,79,SanLuisObisp,36600,4.1,150000,1319.6,Tons,197.94
2012,216299,GRAPESWINE,81,SanMateo,131,,,,Tons,0.694
2012,216299,GRAPESWINE,83,SantaBarbara,20500,3.26,66800,1363.88,Tons,91.107
2012,216299,GRAPESWINE,85,SantaClara,1580,3.92,6190,1170.92,Tons,7.248
2012,216299,GRAPESWINE,87,SantaCruz,630,3.16,1990,2701.01,Tons,5.375
2012,216299,GRAPESWINE,89,Shasta,160,1.5,240,975,Tons,0.234
2012,216299,GRAPESWINE,95,Solano,4040,5.89,23800,831.01,Tons,19.778
2012,216299,GRAPESWINE,97,Sonoma,58300,4.58,267000,2183.3,Tons,582.942
2012,216299,GRAPESWINE,105,Trinity,114,2.33,266,1214.29,Tons,0.323
2012,216299,GRAPESWINE,107,Tulare,15900,13.65,217000,348.53,Tons,75.631
2012,216299,GRAPESWINE,113,Yolo,12200,7.84,95700,692.72,Tons,66.293
2011,216299,GRAPESWINE,1,Alameda,2650,3.47,9190,1296.63,Tons,11.916
2011,216299,GRAPESWINE,5,Amador,3480,2.93,10200,1144.71,TONS,11.676
2011,216299,GRAPESWINE,9,Calaveras,900,2.4,2160,1350,TONS,2.916
2011,216299,GRAPESWINE,11,Colusa,2400,7.25,17400,615.52,Tons,10.71
2011,216299,GRAPESWINE,17,ElDorado,2010,2.12,4270,1203.04,Tons,5.137
2011,216299,GRAPESWINE,19,Fresno,68900,13.13,905000,335.5,Tons,303.628
2011,216299,GRAPESWINE,29,Kern,35000,11.66,408000,331.26,Tons,135.155
2011,216299,GRAPESWINE,31,Kings,3590,15.1,54200,308.67,Tons,16.73
2011,216299,GRAPESWINE,33,Lake,8180,4.16,34000,1176.26,Tons,39.993
2011,216299,GRAPESWINE,39,Madera,48900,10.82,529000,307.56,Tons,162.698
2011,216299,GRAPESWINE,41,Marin,186,1.03,191,4623.04,Tons,0.883
2011,216299,GRAPESWINE,43,Mariposa,106,0.75,80,1165,Tons,0.0932
2011,216299,GRAPESWINE,45,Mendocino,16700,3.44,57400,1247.32,Tons,71.596
2011,216299,GRAPESWINE,47,Merced,11600,10.09,117000,428.88,Tons,50.179
2011,216299,GRAPESWINE,51,Mono,4,23.5,94,670.21,Tons,0.063
2011,216299,GRAPESWINE,53,Monterey,43000,2.88,124000,1136.9,Tons,140.976
2011,216299,GRAPESWINE,55,Napa,43600,2.8,122000,3470.84,Tons,423.442
2011,216299,GRAPESWINE,57,Nevada,343,5.19,1780,1101.12,Tons,1.96
2011,216299,GRAPESWINE,61,Placer,190,1.94,368,1089.67,Tons,0.401
2011,216299,GRAPESWINE,65,Riverside,2772,2.3,6380,1050.31,Tons,6.701
2011,216299,GRAPESWINE,67,Sacramento,27200,6.51,177000,525.01,Tons,92.926
2011,216299,GRAPESWINE,69,SanBenito,3650,3.75,13700,1026.06,Tons,14.057
2011,216299,GRAPESWINE,71,SanBernardino,317,2.23,708,382.77,Tons,0.271
2011,216299,GRAPESWINE,73,SanDiego,416,2,832,1086.54,Tons,0.904
2011,216299,GRAPESWINE,77,SanJoaquin,92600,5.6,519000,550.56,Tons,285.739
2011,216299,GRAPESWINE,79,SanLuisObispo,35100,3.28,115000,1128.16,Tons,129.738
2011,216299,GRAPESWINE,81,SanMateo,135,,,,Tons,0.508
2011,216299,GRAPESWINE,83,SantaBarbara,20500,2.93,60100,1280.52,Tons,76.959
2011,216299,GRAPESWINE,85,SantaClara,1550,3.17,4910,1344.4,Tons,6.601
2011,216299,GRAPESWINE,87,SantaCruz,644,1.04,670,2398.51,Tons,1.607
2011,216299,GRAPESWINE,89,Shasta,150,2.4,360,1050,Tons,0.378
2011,216299,GRAPESWINE,95,Solano,3900,3.67,14300,728.6,Tons,10.419
2011,216299,GRAPESWINE,97,Sonoma,58100,2.87,167000,2078.32,Tons,347.08
2011,216299,GRAPESWINE,105,Trinity,114,2.33,266,1214.29,Tons,0.323
2011,216299,GRAPESWINE,107,Tulare,21700,11.89,258000,306.47,Tons,79.07
2011,216299,GRAPESWINE,113,Yolo,12000,6.8,81600,597.51,Tons,48.757
2011,216299,GRAPESWINE,115,Yuba,57,2.19,125,1144,Tons,0.143
2010,216299,GRAPESWINE,1,Alameda,2240,5.63,12600,906.27,Tons,11.419
2010,216299,GRAPESWINE,5,Amador,3430,2.92,10000,1038.3,TONS,10.383
2010,216299,GRAPESWINE,9,Calaveras,800,3,2400,1300,TONS,3.12
2010,216299,GRAPESWINE,17,ElDorado,1950,2.39,4670,1049.04,Tons,4.899
2010,216299,GRAPESWINE,19,Fresno,60100,14.69,883000,279.97,Tons,247.213
2010,216299,GRAPESWINE,29,Kern,34100,13.26,452000,264.38,Tons,119.501
2010,216299,GRAPESWINE,31,Kings,4130,11.84,48900,255.32,Tons,12.485
2010,216299,GRAPESWINE,33,Lake,7940,4.04,32100,1109.66,Tons,35.62
2010,216299,GRAPESWINE,39,Madera,47600,10.4,495000,243.46,Tons,120.514
2010,216299,GRAPESWINE,41,Marin,186,1.11,207,5125.6,Tons,1.061
2010,216299,GRAPESWINE,43,Mariposa,95,1.03,98,820.41,Tons,0.0804
2010,216299,GRAPESWINE,45,Mendocino,16700,3.95,65900,1121.46,Tons,73.904
2010,216299,GRAPESWINE,47,Merced,11200,9.02,101000,334.29,Tons,33.763
2010,216299,GRAPESWINE,51,Mono,25,3.52,88,647.73,Tons,0.057
2010,216299,GRAPESWINE,53,Monterey,43300,4.09,177000,976.93,Tons,172.916
2010,216299,GRAPESWINE,55,Napa,43300,3.21,139000,3265.35,Tons,453.883
2010,216299,GRAPESWINE,57,Nevada,236,3.12,736,1402.17,Tons,1.032
2010,216299,GRAPESWINE,61,Placer,226,2,452,1070.8,Tons,0.484
2010,216299,GRAPESWINE,65,Riverside,2100,3.2,6710,1093.74,Tons,7.339
2010,216299,GRAPESWINE,67,Sacramento,24600,8.41,207000,447.13,Tons,92.556
2010,216299,GRAPESWINE,69,SanBenito,3690,5.12,18900,894.66,Tons,16.909
2010,216299,GRAPESWINE,71,SanBernardino,546,1.15,626,538.34,Tons,0.337
2010,216299,GRAPESWINE,73,SanDiego,447,1.7,760,1032.89,Tons,0.785
2010,216299,GRAPESWINE,77,SanJoaquin,95100,5.7,542000,456.9,Tons,247.641
2010,216299,GRAPESWINE,79,SanLuisObispo,33800,5.15,174000,997.46,Tons,173.558
2010,216299,GRAPESWINE,81,SanMateo,137,,,,Tons,0.613
2010,216299,GRAPESWINE,83,SantaBarbara,21800,3.79,82700,1177.45,Tons,97.375
2010,216299,GRAPESWINE,85,SantaClara,1530,3.59,5490,1285.79,Tons,7.059
2010,216299,GRAPESWINE,87,SantaCruz,607,2.22,1350,2271.11,Tons,3.066
2010,216299,GRAPESWINE,89,Shasta,160,3.8,608,1049.34,Tons,0.638
2010,216299,GRAPESWINE,95,Solano,3620,3.76,13600,681.99,Tons,9.275
2010,216299,GRAPESWINE,97,Sonoma,56500,3.4,192000,2033.58,Tons,390.448
2010,216299,GRAPESWINE,105,Trinity,114,2.33,266,1214.29,Tons,0.323
2010,216299,GRAPESWINE,107,Tulare,18700,12.62,236000,260.17,Tons,61.399
2010,216299,GRAPESWINE,113,Yolo,11400,6.62,75500,604.64,Tons,45.65
2010,216299,GRAPESWINE,115,Yuba,76,4.3,327,1339.45,Tons,0.438
2009,216299,GRAPESWINE,1,Alameda,2410,5.02,12110,1158.13,Tons,14.025
2009,216299,GRAPESWINE,5,Amador,3410,3.2,10912,1046,TONS,11.414
2009,216299,GRAPESWINE,9,Calaveras,800,3.5,2800,1200,TONS,3.36
2009,216299,GRAPESWINE,17,ElDorado,1760,2.93,5165,1139.48,Tons,5.8854
2009,216299,GRAPESWINE,19,Fresno,64376,12.48,803560,253.16,Tons,203.428
2009,216299,GRAPESWINE,29,Kern,34260,10.48,358900,273.03,Tons,97.99
2009,216299,GRAPESWINE,31,Kings,4122,12.3,50698,283.86,Tons,14.391
2009,216299,GRAPESWINE,33,Lake,7715,4.1,31623,1215.9,Tons,38.4504
2009,216299,GRAPESWINE,39,Madera,50300,9.8,493153,241.25,TONS,118.975
2009,216299,GRAPESWINE,41,Marin,193,1.27,246,3186.59,Tons,0.7839
2009,216299,GRAPESWINE,43,Mariposa,90,1.11,100,1050,Tons,0.105
2009,216299,GRAPESWINE,45,Mendocino,16616,3.59,59617,1316.78,Tons,78.5025
2009,216299,GRAPESWINE,47,Merced,11317,11.36,128596,325.21,Tons,41.821
2009,216299,GRAPESWINE,53,Monterey,41114,4.99,205000,1161.38,Tons,238.082
2009,216299,GRAPESWINE,55,Napa,43031,3.32,142976,3462.25,Tons,495.0187
2009,216299,GRAPESWINE,57,Nevada,248,10.44,2590,542.63,Tons,1.4054
2009,216299,GRAPESWINE,61,Placer,211,2.4,506,997.04,Tons,0.5045
2009,216299,GRAPESWINE,65,Riverside,1891,3.45,6524,1085.99,Tons,7.085
2009,216299,GRAPESWINE,67,Sacramento,25110,7.6,190836,495.5,Tons,94.559
2009,216299,GRAPESWINE,69,SanBenito,3806,4.75,18079,1042.98,Tons,18.856
2009,216299,GRAPESWINE,71,SanBernardino,246,2.17,534,1637.27,Tons,0.8743
2009,216299,GRAPESWINE,73,SanDiego,489,1.5,734,1203.13,Tons,0.8831
2009,216299,GRAPESWINE,77,SanJoaquin,91170,7.42,676410,419.47,Tons,283.735
2009,216299,GRAPESWINE,79,SanLuisObispo,34100,4.32,147380,1128.9,Tons,166.378
2009,216299,GRAPESWINE,81,SanMateo,135,,,,,0.625
2009,216299,GRAPESWINE,83,SantaBarbara,22050,4.5,99225,1385,Tons,137.4266
2009,216299,GRAPESWINE,85,SantaClara,1516,3.7,5609,1244.96,Tons,6.983
2009,216299,GRAPESWINE,87,SantaCruz,629,2.31,1453,2229.18,Tons,3.239
2009,216299,GRAPESWINE,89,Shasta,190,3.5,665,1120,Tons,0.7448
2009,216299,GRAPESWINE,95,Solano,3731,4.72,17607,691.86,Tons,12.1816
2009,216299,GRAPESWINE,97,Sonoma,56306,3.78,212675,2186.61,Tons,465.0364
2009,216299,GRAPESWINE,105,Trinity,114,,,,,0.2373
2009,216299,GRAPESWINE,107,Tulare,17829,12.29,219160,252.5,Tons,55.338
2009,216299,GRAPESWINE,113,Yolo,13187,7.63,100643,560.63,Tons,56.4236
2009,216299,GRAPESWINE,115,Yuba,91,3.87,352,1383.52,Tons,0.487
2008,216299,GRAPESWINE,1,Alameda,2526,3.73,9417,911.76,TONS,8.586
2008,216299,GRAPESWINE,5,Amador,3754,3.2,12013,1238.98,TONS,14.8839
2008,216299,GRAPESWINE,9,Calaveras,600,1.95,1170,1100,TONS,1.287
2008,216299,GRAPESWINE,17,ElDorado,1901,2.2,4182,1250.38,TONS,5.2291
2008,216299,GRAPESWINE,19,Fresno,69631,14.94,1040100,250.93,TONS,260.99
2008,216299,GRAPESWINE,29,Kern,36830,11.18,411800,265.52,TON,109.34
2008,216299,GRAPESWINE,31,Kings,3831,9.74,37306,245.72,TONS,9.167
2008,216299,GRAPESWINE,33,Lake,8004,3.5,27974,1223.53,TONS,34.227
2008,216299,GRAPESWINE,39,Madera,55200,10.06,555466,250.29,TON,139.027
2008,216299,GRAPESWINE,41,Marin,195,1.02,199,3537.19,TONS,0.7039
2008,216299,GRAPESWINE,43,Mariposa,100,1.48,148,1175.68,TONS,0.174
2008,216299,GRAPESWINE,45,Mendocino,16400,2.79,45779,1355.36,TONS,62.0472
2008,216299,GRAPESWINE,47,Merced,11075,9.73,107757,315.4,TONS,33.987
2008,216299,GRAPESWINE,53,Monterey,40144,5.01,201000,1185.9,TON,238.366
2008,216299,GRAPESWINE,55,Napa,42870,2.7,115864,3451.57,TONS,399.9131
2008,216299,GRAPESWINE,57,Nevada,402,2.96,1189,1280.82,TONS,1.5229
2008,216299,GRAPESWINE,61,Placer,212,2.31,490,1015.71,TONS,0.4977
2008,216299,GRAPESWINE,65,Riverside,2165,1.85,4005,1121.07,TONS,4.4899
2008,216299,GRAPESWINE,67,Sacramento,24464,5.36,131125,513.8,TON,67.372
2008,216299,GRAPESWINE,69,SanBenito,3806,3.3,12560,1107.01,TON,13.904
2008,216299,GRAPESWINE,71,SanBernardino,171,3.89,665,1008.27,TON,0.6705
2008,216299,GRAPESWINE,73,SanDiego,365,1.7,621,1020.13,TON,0.6335
2008,216299,GRAPESWINE,77,SanJoaquin,89025,5.28,470060,469.39,TON,220.643
2008,216299,GRAPESWINE,79,SanLuisObispo,34622,2.99,103507,1199.2,TONS,124.126
2008,216299,GRAPESWINE,81,SanMateo,96,,,,,0.481
2008,216299,GRAPESWINE,83,SantaBarbara,21643,2.86,61797,1394.05,TONS,86.1481
2008,216299,GRAPESWINE,85,SantaClara,1510,3,4530,1426.05,TONS,6.46
2008,216299,GRAPESWINE,87,SantaCruz,612,1.93,1181,2488.57,TON,2.939
2008,216299,GRAPESWINE,95,Solano,4002,3.53,14137,782.68,TONS,11.0647
2008,216299,GRAPESWINE,97,Sonoma,55431,3.05,168992,2255.09,TONS,381.092
2008,216299,GRAPESWINE,105,Trinity,114,,,,,0.2373
2008,216299,GRAPESWINE,107,Tulare,21728,11.94,259420,250.51,TON,64.987
2008,216299,GRAPESWINE,113,Yolo,12002,6.45,77402,542.7,TONS,42.006
2008,216299,GRAPESWINE,115,Yuba,91,1.27,116,4948.28,TONS,0.574
2007,216299,GRAPESWINE,1,Alameda,1916,3.93,7526,857.69,TONS,6.455
2007,216299,GRAPESWINE,5,Amador,3697,3.4,12570,1056.98,TONS,13.2863
2007,216299,GRAPESWINE,9,Calaveras,650,2.5,1625,1100.31,TONS,1.788
2007,216299,GRAPESWINE,17,ElDorado,1747,2.88,5029,1197.36,TONS,6.0215
2007,216299,GRAPESWINE,19,Fresno,61224,11.81,722800,214.36,TON,154.942
2007,216299,GRAPESWINE,29,Kern,33100,10.27,340000,218.25,TONS,74.206
2007,216299,GRAPESWINE,31,Kings,3817,7.52,28719,230.27,TONS,6.613
2007,216299,GRAPESWINE,33,Lake,7949,4.57,36321,1196.26,TON,43.4493
2007,216299,GRAPESWINE,39,Madera,53500,10.59,566559,206.58,TONS,117.042
2007,216299,GRAPESWINE,41,Marin,192,0.9,173,4368.21,TONS,0.7557
2007,216299,GRAPESWINE,43,Mariposa,97,1.2,116,1206.9,TONS,0.14
2007,216299,GRAPESWINE,45,Mendocino,16342,3.77,61589,1223.41,TON,75.3483
2007,216299,GRAPESWINE,47,Merced,9819,6.69,65702,274.09,TON,18.008
2007,216299,GRAPESWINE,53,Monterey,39636,5.65,224000,1123.23,TONS,251.604
2007,216299,GRAPESWINE,55,Napa,42338,3.43,145115,3256.77,TONS,472.6066
2007,216299,GRAPESWINE,57,Nevada,385,4.23,1629,1280.91,TONS,2.0866
2007,216299,GRAPESWINE,61,Placer,190,2.71,515,873.59,TONS,0.4499
2007,216299,GRAPESWINE,65,Riverside,2000,1.7,3400,1184,TONS,4.0256
2007,216299,GRAPESWINE,67,Sacramento,24637,7,172459,432.4,TON,74.571
2007,216299,GRAPESWINE,69,SanBenito,3806,5.41,20590,1179.99,TON,24.296
2007,216299,GRAPESWINE,71,SanBernardino,132,3.13,413,1519.13,TON,0.6274
2007,216299,GRAPESWINE,73,SanDiego,328,1.9,623,995.35,TON,0.6201
2007,216299,GRAPESWINE,77,SanJoaquin,88913,6.28,557950,386.08,TON,215.416
2007,216299,GRAPESWINE,79,SanLuisObispo,34408,3.96,136276,1039.61,TON,141.674
2007,216299,GRAPESWINE,81,SanMateo,98,,,,,0.55
2007,216299,GRAPESWINE,83,SantaBarbara,21263,3.35,71231,1402.74,TON,99.9186
2007,216299,GRAPESWINE,85,SantaClara,1550,3,4650,1313.98,TON,6.11
2007,216299,GRAPESWINE,87,SantaCruz,598,2.13,1274,2383.83,TON,3.037
2007,216299,GRAPESWINE,95,Solano,4021,3,12083,669.95,TON,8.095
2007,216299,GRAPESWINE,97,Sonoma,54899,3.62,198533,2098.14,TON,416.5496
2007,216299,GRAPESWINE,105,Trinity,114,,,,,0.2373
2007,216299,GRAPESWINE,107,Tulare,19561,10.25,200430,217.09,TON,43.512
2007,216299,GRAPESWINE,113,Yolo,11898,7.13,84853,548.16,TON,46.5133
2007,216299,GRAPESWINE,115,Yuba,85,1.36,116,1750,TON,2030.002006
2006,216299,GRAPESWINE,1,Alameda,2281,3.74,8534,937.97,TONS,8.0046
2006,216299,GRAPESWINE,5,Amador,3701,3.68,13620,1079.98,TONS,14.7093
2006,216299,GRAPESWINE,9,Calaveras,600,2.6,1560,1062.18,TONS,1.657
2006,216299,GRAPESWINE,17,ElDorado,1864,3.07,5720,1081.56,TONS,6.1865
2006,216299,GRAPESWINE,19,Fresno,64116,8.83,566400,209.56,TONS,118.692
2006,216299,GRAPESWINE,29,Kern,35441,8.91,315620,207.95,TONS,65.633
2006,216299,GRAPESWINE,31,Kings,3624,10.98,39800,259.35,TONS,10.322
2006,216299,GRAPESWINE,33,Lake,7842,4.48,35153,1229.04,TONS,43.2046
2006,216299,GRAPESWINE,39,Madera,54200,8.97,486375,193.81,TONS,94.266
2006,216299,GRAPESWINE,41,Marin,118,1.86,219,2273.52,TONS,0.4979
2006,216299,GRAPESWINE,43,Mariposa,100,1.02,102,1212.75,TONS,0.1237
2006,216299,GRAPESWINE,45,Mendocino,16142,4.4,70948,1237,TONS,87.7626
2006,216299,GRAPESWINE,47,Merced,11397,9.93,113138,237.65,TONS,26.887
2006,216299,GRAPESWINE,53,Monterey,38165,5.5,210000,1038.01,TONS,217.983
2006,216299,GRAPESWINE,55,Napa,42188,3.62,152776,3070.33,TONS,469.0729
2006,216299,GRAPESWINE,57,Nevada,358,3.71,1329,1170.28,TONS,1.5553
2006,216299,GRAPESWINE,61,Placer,189,2.57,485,974.43,TONS,0.4726
2006,216299,GRAPESWINE,65,Riverside,1500,2.4,3600,1111,TONS,3.9996
2006,216299,GRAPESWINE,67,Sacramento,25496,7,178472,408.7,TONS,72.942
2006,216299,GRAPESWINE,69,SanBenito,3788,4.2,15910,1229.98,TONS,19.569
2006,216299,GRAPESWINE,71,SanBernardino,136,4.91,668,842.37,TONS,0.5627
2006,216299,GRAPESWINE,73,SanDiego,309,2.1,649,797.84,TONS,0.5178
2006,216299,GRAPESWINE,77,SanJoaquin,92501,0.06,5610,36342.07,TONS,203.879
2006,216299,GRAPESWINE,79,SanLuisObispo,34662,4.27,148005,1026.92,TONS,151.99
2006,216299,GRAPESWINE,81,SanMateo,89,,,,,0.531
2006,216299,GRAPESWINE,83,SantaBarbara,20829,4.43,92272,1163.71,TONS,107.3778
2006,216299,GRAPESWINE,85,SantaClara,1750,3.8,6650,1120,TONS,7.448
2006,216299,GRAPESWINE,87,SantaCruz,600,3,1800,2390,TONS,4.302
2006,216299,GRAPESWINE,95,Solano,4293,2.89,12400,750.11,TONS,9.3014
2006,216299,GRAPESWINE,97,Sonoma,55507,3.9,216248,1990.76,TONS,430.4969
2006,216299,GRAPESWINE,105,Trinity,114,,,,,0.2373
2006,216299,GRAPESWINE,107,Tulare,19360,8.98,173930,208.41,TONS,36.248
2006,216299,GRAPESWINE,113,Yolo,10156,6.69,67944,559.98,TONS,38.0473
2006,216299,GRAPESWINE,115,Yuba,84,1.79,150,1326.67,TONS,0.199
2005,216299,GRAPESWINE,1,Alameda,2169,4.24,9189,930.68,TONS,8.552
2005,216299,GRAPESWINE,5,Amador,3874,3.42,13249,995.08,TONS,13.1838
2005,216299,GRAPESWINE,9,Calaveras,500,2.6,1300,1200,TONS,1.56
2005,216299,GRAPESWINE,17,ElDorado,1906,2.44,4642,1064.2,TONS,4.94
2005,216299,GRAPESWINE,19,Fresno,77598,11.32,878500,223.29,TONS,196.162
2005,216299,GRAPESWINE,29,Kern,36167,10.66,385430,220.18,TONS,84.864
2005,216299,GRAPESWINE,31,Kings,3717,12.65,47009,239.08,TONS,11.239
2005,216299,GRAPESWINE,33,Lake,7518,4.26,31995,1192.35,TONS,38.1491
2005,216299,GRAPESWINE,39,Madera,57600,10.73,618250,226.09,TONS,139.782
2005,216299,GRAPESWINE,41,Marin,108,1.04,112,2371.43,TONS,0.2656
2005,216299,GRAPESWINE,43,Mariposa,88,1.36,120,1183.33,TONS,0.142
2005,216299,GRAPESWINE,45,Mendocino,16084,3.85,61962,1171.01,TONS,72.5579
2005,216299,GRAPESWINE,47,Merced,11542,10.71,123574,278.11,TONS,34.367
2005,216299,GRAPESWINE,53,Monterey,38179,7.05,269000,946.52,TONS,254.615
2005,216299,GRAPESWINE,55,Napa,41910,4.32,181025,2987.43,TONS,540.8
2005,216299,GRAPESWINE,57,Nevada,350,3.72,1302,1294.55,TONS,1.6855
2005,216299,GRAPESWINE,61,Placer,230,2.24,515,781.94,TONS,0.4027
2005,216299,GRAPESWINE,65,Riverside,1650,2.5,4125,963.01,TONS,3.9724
2005,216299,GRAPESWINE,67,Sacramento,28045,8.7,243992,443.2,TONS,108.137
2005,216299,GRAPESWINE,69,SanBenito,3672,4.58,16818,1188.01,TONS,19.98
2005,216299,GRAPESWINE,71,SanBernardino,142,8.06,1145,1018.08,TONS,1.1657
2005,216299,GRAPESWINE,73,SanDiego,268,2.3,616,634.42,TONS,0.3908
2005,216299,GRAPESWINE,77,SanJoaquin,95669,7.36,703870,410.1,TONS,288.66
2005,216299,GRAPESWINE,79,SanLuisObispo,33690,5.9,198819,977.64,TONS,194.373
2005,216299,GRAPESWINE,81,SanMateo,88,,,,,0.451
2005,216299,GRAPESWINE,83,SantaBarbara,20308,6.18,125503,1277.78,TONS,160.3652
2005,216299,GRAPESWINE,85,SantaClara,1720,4,6880,1061.05,TONS,7.3
2005,216299,GRAPESWINE,87,SantaCruz,575,1.39,799,2200.25,TONS,1.758
2005,216299,GRAPESWINE,95,Solano,4291,3.75,16081,728.07,TONS,11.7081
2005,216299,GRAPESWINE,97,Sonoma,57050,4.05,230910,1864.64,TONS,430.5635
2005,216299,GRAPESWINE,105,Trinity,114,,,,,0.2373
2005,216299,GRAPESWINE,107,Tulare,22831,9.6,219270,217.17,TONS,47.618
2005,216299,GRAPESWINE,113,Yolo,8464,8.38,70930,591.67,TONS,41.967
2005,216299,GRAPESWINE,115,Yuba,105,0.84,88,1011.36,TONS,0.089
2004,216299,GRAPESWINE,1,Alameda,2526,3.6,9094,995.38,TONS,9.052
2004,216299,GRAPESWINE,5,Amador,3741,3.54,13243,1009.97,TONS,13.375
2004,216299,GRAPESWINE,9,Calaveras,500,2.4,1200,1050,TON,1.26
2004,216299,GRAPESWINE,17,ElDorado,1710,2.46,4209,1094.84,TONS,4.6082
2004,216299,GRAPESWINE,19,Fresno,96692,9.01,871000,226.31,TON,197.117
2004,216299,GRAPESWINE,29,Kern,36542,8.69,317370,232.1,TON,73.66
2004,216299,GRAPESWINE,31,Kings,3023,10.49,31720,237.3,TON,7.527
2004,216299,GRAPESWINE,33,Lake,7076,3.94,27872,1139.17,TONS,31.751
2004,216299,GRAPESWINE,39,Madera,66200,9.25,612467,218.73,TONS,133.966
2004,216299,GRAPESWINE,41,Marin,110,1.26,139,1914.39,TONS,0.2661
2004,216299,GRAPESWINE,43,Mariposa,99,0.92,91,1098.9,TON,0.1
2004,216299,GRAPESWINE,45,Mendocino,15608,3.35,52252,1150.99,TONS,60.1415
2004,216299,GRAPESWINE,47,Merced,10729,7.78,83485,251.46,TONS,20.993
2004,216299,GRAPESWINE,53,Monterey,38614,4.45,172000,1013.84,TON,174.38
2004,216299,GRAPESWINE,55,Napa,40439,2.96,119874,2915.56,TON,349.5
2004,216299,GRAPESWINE,57,Nevada,349,4.11,1434,1527.68,TONS,2.1907
2004,216299,GRAPESWINE,61,Placer,230,3.2,736,878.94,TONS,0.6469
2004,216299,GRAPESWINE,65,Riverside,1640,2.18,3575,668.03,TON,2.3882
2004,216299,GRAPESWINE,67,Sacramento,25756,6.5,167414,444.6,TONS,74.432
2004,216299,GRAPESWINE,69,SanBenito,3636,3.32,12072,1567.01,TONS,18.917
2004,216299,GRAPESWINE,71,SanBernardino,147,4.27,627,708.77,TON,0.4444
2004,216299,GRAPESWINE,73,SanDiego,300,1.8,540,700,TON,0.378
2004,216299,GRAPESWINE,77,SanJoaquin,83657,5.57,466331,403.09,TON,187.9741
2004,216299,GRAPESWINE,79,SanLuisObispo,31913,4,127788,997.24,TON,127.435
2004,216299,GRAPESWINE,81,SanMateo,,,,,,0.417
2004,216299,GRAPESWINE,83,SantaBarbara,17408,3.67,63887,1305.86,TON,83.4275
2004,216299,GRAPESWINE,85,SantaClara,1870,3.3,6171,994.98,TON,6.14
2004,216299,GRAPESWINE,87,SantaCruz,572,1.2,686,2131.2,TONS,1.462
2004,216299,GRAPESWINE,95,Solano,4153,3.64,15118,676.75,TONS,10.2311
2004,216299,GRAPESWINE,97,Sonoma,50010,3.31,165783,1882.64,TONS,312.1102
2004,216299,GRAPESWINE,105,Trinity,114,,,,,0.2373
2004,216299,GRAPESWINE,107,Tulare,23764,9.65,229430,224.8,TON,51.576
2004,216299,GRAPESWINE,113,Yolo,9909,6.13,60739,548.92,TONS,33.341
2004,216299,GRAPESWINE,115,Yuba,92,2.27,209,1315.79,TON,0.275
2003,216299,GRAPESWINE,1,Alameda,2284,3.21,7325,1077.41,TON,7.892
2003,216299,GRAPESWINE,5,Amador,3623,2.96,10724,982,TON,10.531
2003,216299,GRAPESWINE,9,Calaveras,480,1.88,900,1000,TON,0.9
2003,216299,GRAPESWINE,17,ElDorado,1678,2.36,3953,1120.67,TON,4.43
2003,216299,GRAPESWINE,19,Fresno,72186,10.09,728500,166.12,TON,121.015
2003,216299,GRAPESWINE,29,Kern,41476,7.72,320040,156.15,TON,49.975
2003,216299,GRAPESWINE,31,Kings,3295,8.97,29555,173.1,TON,5.116
2003,216299,GRAPESWINE,33,Lake,6219,4.26,26483,1183.1,TON,31.332
2003,216299,GRAPESWINE,39,Madera,62600,9.47,593056,148.37,TON,87.991
2003,216299,GRAPESWINE,41,Marin,74,1.57,116,1991.38,TON,0.231
2003,216299,GRAPESWINE,43,Mariposa,93,0.88,82,1439.02,TON,0.118
2003,216299,GRAPESWINE,45,Mendocino,15576,3.72,57960,1213.95,TON,70.3607
2003,216299,GRAPESWINE,47,Merced,11499,9.76,112253,259.89,TON,29.173
2003,216299,GRAPESWINE,53,Monterey,34287,4.41,151344,1058.64,TON,160.219
2003,216299,GRAPESWINE,55,Napa,39106,3.29,128814,2985.7,TON,384.6
2003,216299,GRAPESWINE,57,Nevada,356,3.67,1307,1350.8,TON,1.7655
2003,216299,GRAPESWINE,61,Placer,200,1.76,352,1036.08,TON,0.3647
2003,216299,GRAPESWINE,65,Riverside,1266,3.29,4163,784,TON,3.2638
2003,216299,GRAPESWINE,67,Sacramento,23698,6.3,149297,422,TON,63.003
2003,216299,GRAPESWINE,69,SanBenito,3163,4.57,14455,1510,TON,21.827
2003,216299,GRAPESWINE,71,SanBernardino,180,3.77,679,657.44,TON,0.4464
2003,216299,GRAPESWINE,73,SanDiego,304,2.08,632,380.22,TON,0.2403
2003,216299,GRAPESWINE,77,SanJoaquin,82350,5.74,472800,368.52,TON,174.2359
2003,216299,GRAPESWINE,79,SanLuisObispo,29626,3.89,115188,1071.76,TON,123.454
2003,216299,GRAPESWINE,81,SanMateo,60,,,,,0.363
2003,216299,GRAPESWINE,83,SantaBarbara,16667,2.88,48001,1371.81,TON,65.8483
2003,216299,GRAPESWINE,85,SantaClara,1854,2.9,5377,1205.88,TON,6.484
2003,216299,GRAPESWINE,87,SantaCruz,574,3.33,1911,1350.08,TON,2.58
2003,216299,GRAPESWINE,95,Solano,4075,3.7,15060,664.46,TON,10.0067
2003,216299,GRAPESWINE,97,Sonoma,52176,3.08,160768,1967.2,TON,316.2623
2003,216299,GRAPESWINE,105,Trinity,114,,,,,0.2373
2003,216299,GRAPESWINE,107,Tulare,23886,9.21,220030,164.64,TON,36.225
2003,216299,GRAPESWINE,113,Yolo,10334,6.76,69858,534.89,TON,37.366
2003,216299,GRAPESWINE,115,Yuba,66,2.53,167,1323.35,TON,0.221
2002,216299,GRAPESWINE,1,Alameda,2255,2.13,4793,1126,TON,5.398
2002,216299,GRAPESWINE,5,Amador,3241,3.5,11343,980,TON,11.1161
2002,216299,GRAPESWINE,9,Calaveras,470,2.89,1360,971,TON,1.32
2002,216299,GRAPESWINE,17,ElDorado,1464,2.77,4060,1153,TON,4.68
2002,216299,GRAPESWINE,19,Fresno,85701,10.83,928100,141,TON,131.189
2002,216299,GRAPESWINE,29,Kern,43436,8.87,385420,143,TON,55.146
2002,216299,GRAPESWINE,31,Kings,3319,8.52,28294,162,TON,4.584
2002,216299,GRAPESWINE,33,Lake,5465,4.57,24966,1292,TONS,32.2617
2002,216299,GRAPESWINE,39,Madera,67600,10.23,691528,130,TON,89.589
2002,216299,GRAPESWINE,41,Marin,82,1.77,145,1759,TON,0.255
2002,216299,GRAPESWINE,43,Mariposa,84,1.17,98,1388,TON,0.136
2002,216299,GRAPESWINE,45,Mendocino,15202,3.89,59128,1375,TON,81.3014
2002,216299,GRAPESWINE,47,Merced,11523,8.88,102284,275,TON,28.125
2002,216299,GRAPESWINE,53,Monterey,37325,3.86,143947,1022,TON,147.065
2002,216299,GRAPESWINE,55,Napa,37072,3.51,130099,2920,TON,379.93
2002,216299,GRAPESWINE,57,Nevada,404,4.32,1746,1053,TON,1.8391
2002,216299,GRAPESWINE,61,Placer,130,3,390,1070,TON,0.4173
2002,216299,GRAPESWINE,65,Riverside,1250,4.16,5200,677,TON,3.518
2002,216299,GRAPESWINE,67,Sacramento,26597,6.2,164901,448,TON,73.876
2002,216299,GRAPESWINE,69,SanBenito,3079,3.2,9853,1585,TON,15.617
2002,216299,GRAPESWINE,71,SanBernardino,205,3.12,639,672,TON,0.4291
2002,216299,GRAPESWINE,73,SanDiego,173,1.38,239,259,TON,0.0618
2002,216299,GRAPESWINE,77,SanJoaquin,83263,6.12,509355,416,TON,211.94
2002,216299,GRAPESWINE,79,SanLuisObispo,25206,3.77,95101,1240,TON,117.896
2002,216299,GRAPESWINE,81,SanMateo,64,,,,,0.389
2002,216299,GRAPESWINE,83,SantaBarbara,16667,2.93,48834,1482,TON,72.3739
2002,216299,GRAPESWINE,85,SantaClara,1839,3.3,6069,1313,TON,7.968
2002,216299,GRAPESWINE,87,SantaCruz,549,4,2196,1500,TON,3.294
2002,216299,GRAPESWINE,95,Solano,4300,3.77,16191,817,TON,13.2211
2002,216299,GRAPESWINE,97,Sonoma,46587,3.93,183139,2055,TON,376.4223
2002,216299,GRAPESWINE,105,Trinity,,,140,1204,TON,0.1686
2002,216299,GRAPESWINE,107,Tulare,26597,9.71,258300,160,TON,41.358
2002,216299,GRAPESWINE,113,Yolo,9699,7.63,74003,604,TON,44.675
2002,216299,GRAPESWINE,115,Yuba,297,1.57,467,1096,TON,0.512
2001,216299,GRAPESWINE,1,Alameda,3023,2.91,8797,1147,TONS,10.092
2001,216299,GRAPESWINE,9,Calaveras,470,2.72,1280,1200,TONS,1.536
2001,216299,GRAPESWINE,17,ElDorado,1244,2.87,3570,1209,TONS,4.3173
2001,216299,GRAPESWINE,19,Fresno,76393,8.37,639180,167,TONS,106.924
2001,216299,GRAPESWINE,29,Kern,42511,7.12,302500,159,TONS,47.986
2001,216299,GRAPESWINE,31,Kings,3085,9.75,30088,169,TONS,5.088
2001,216299,GRAPESWINE,33,Lake,4889,4.55,22239,1292,TONS,28.7328
2001,216299,GRAPESWINE,39,Madera,55970,8.45,473146,162,TONS,76.642
2001,216299,GRAPESWINE,41,Marin,95,2.4,228,2043,TONS,0.4659
2001,216299,GRAPESWINE,43,Mariposa,73,1.56,114,1406,TONS,0.1603
2001,216299,GRAPESWINE,45,Mendocino,14800,4.04,59808,1466,TONS,87.6784
2001,216299,GRAPESWINE,47,Merced,14517,8.11,117727,209,TONS,24.567
2001,216299,GRAPESWINE,55,Napa,35095,3.6,126438,2802,TONS,354.338
2001,216299,GRAPESWINE,57,Nevada,348,3,1043,1192,TONS,1.2429
2001,216299,GRAPESWINE,61,Placer,40,1.5,60,1350,TONS,0.081
2001,216299,GRAPESWINE,65,Riverside,2302,4.5,10359,900,TONS,9.3231
2001,216299,GRAPESWINE,67,Sacramento,25802,6,154812,616,TONS,95.364
2001,216299,GRAPESWINE,69,SanBenito,2975,4.25,12644,1254,TONS,15.856
2001,216299,GRAPESWINE,71,SanBernardino,147,2.31,340,196,TONS,0.0667
2001,216299,GRAPESWINE,73,SanDiego,180,1.87,337,250,TONS,0.0842
2001,216299,GRAPESWINE,77,SanJoaquin,83908,6.91,579400,418,TONS,242.188
2001,216299,GRAPESWINE,79,SanLuisObispo,21614,4.82,104107,1326,TONS,138.054
2001,216299,GRAPESWINE,81,SanMateo,44,,,,,0.159
2001,216299,GRAPESWINE,83,SantaBarbara,16634,5.52,91820,1289,TONS,118.3284
2001,216299,GRAPESWINE,85,SantaClara,1750,3.78,6615,1408,TONS,9.314
2001,216299,GRAPESWINE,87,SantaCruz,466,3.5,1631,2270,TONS,3.702
2001,216299,GRAPESWINE,95,Solano,4072,4,16280,857,TONS,13.9577
2001,216299,GRAPESWINE,97,Sonoma,43589,3.98,173583,2157,TONS,374.3897
2001,216299,GRAPESWINE,105,Trinity,,,140,1204,TON,0.1686
2001,216299,GRAPESWINE,107,Tulare,23431,10.07,235900,222,TONS,52.446
2001,216299,GRAPESWINE,113,Yolo,10242,5.43,55614,598,TONS,33.241
2001,216299,GRAPESWINE,115,Yuba,236,1.38,326,979,TONS,0.319
2000,216299,GRAPESWINE,1,Alameda,2602,2.11,5483,1185,TON,6.498
2000,216299,GRAPESWINE,9,Calaveras,470,3.6,1690,1000,TON,1.69
2000,216299,GRAPESWINE,17,ElDorado,1165,2.92,3400,1194,TON,4.0596
2000,216299,GRAPESWINE,19,Fresno,75139,11.12,835310,177,TON,147.55
2000,216299,GRAPESWINE,29,Kern,46809,8.86,414680,187,TON,77.714
2000,216299,GRAPESWINE,31,Kings,3020,9.04,27311,162,TON,4.436
2000,216299,GRAPESWINE,33,Lake,3858,5.06,19520,1281,TON,25.0051
2000,216299,GRAPESWINE,39,Madera,56410,9.92,559563,186,TON,103.83
2000,216299,GRAPESWINE,41,Marin,94,1.24,117,2009,TON,0.2351
2000,216299,GRAPESWINE,43,Mariposa,71,1.7,121,1314,TON,0.159
2000,216299,GRAPESWINE,45,Mendocino,12838,4.53,58106,1514,TON,87.96
2000,216299,GRAPESWINE,47,Merced,14437,9.32,134583,288,TON,38.729
2000,216299,GRAPESWINE,55,Napa,32365,4.23,136962,2464,TON,337.469
2000,216299,GRAPESWINE,57,Nevada,303,3.57,1082,1096,TON,1.1858
2000,216299,GRAPESWINE,65,Riverside,2767,4.53,12532,974,TON,12.2021
2000,216299,GRAPESWINE,67,Sacramento,25024,7.1,177670,536,TON,95.231
2000,216299,GRAPESWINE,69,SanBenito,2563,4.33,11100,1628,TON,18.071
2000,216299,GRAPESWINE,71,SanBernardino,235,0.83,194,901,TON,0.1747
2000,216299,GRAPESWINE,73,SanDiego,175,1.84,322,300,TON,0.0966
2000,216299,GRAPESWINE,77,SanJoaquin,80711,7.74,624800,473,TON,295.793
2000,216299,GRAPESWINE,79,SanLuisObispo,18801,5.39,101430,1328,TON,134.733
2000,216299,GRAPESWINE,81,SanMateo,45,,,,,0.139
2000,216299,GRAPESWINE,85,SantaClara,1749,3.9,6821,1521,TON,10.375
2000,216299,GRAPESWINE,87,SantaCruz,477,1.61,768,2271,TON,1.744
2000,216299,GRAPESWINE,95,Solano,3853,4.67,17999,1007,TON,18.1168
2000,216299,GRAPESWINE,97,Sonoma,42220,4.52,190789,2043,TON,389.7819
2000,216299,GRAPESWINE,105,Trinity,,,140,1204,TON,0.1686
2000,216299,GRAPESWINE,107,Tulare,27688,10.42,288490,207,TON,59.835
2000,216299,GRAPESWINE,113,Yolo,9496,6.86,65143,627,TON,40.873
2000,216299,GRAPESWINE,115,Yuba,390,1.62,632,1242,TON,0.785
1999,216299,GRAPESWINE,1,Alameda,2018,3.57,7210,1182,ACRE,8.523
1999,216299,GRAPESWINE,5,Amador,2831,4.1,11607,953,TON,11.0615
1999,216299,GRAPESWINE,9,Calaveras,320,3.88,1240,1140,TON,1.4136
1999,216299,GRAPESWINE,17,ElDorado,981,3.41,3345,1160,TON,3.8802
1999,216299,GRAPESWINE,19,Fresno,128613,5.4,693910,237,TON,164.784
1999,216299,GRAPESWINE,29,Kern,49716,7.99,397400,259,TON,102.764
1999,216299,GRAPESWINE,31,Kings,2263,15.44,34941,204,TON,7.135
1999,216299,GRAPESWINE,33,Lake,4107,3.69,15168,1206,TON,18.2926
1999,216299,GRAPESWINE,39,Madera,54200,8.33,451416,252,TON,113.945
1999,216299,GRAPESWINE,41,Marin,91,1.7,155,1935,TON,0.3
1999,216299,GRAPESWINE,43,Mariposa,68,1.44,98,1082,TON,0.106
1999,216299,GRAPESWINE,45,Mendocino,13994,4.19,58648,1455,TON,85.311
1999,216299,GRAPESWINE,47,Merced,15050,6.97,104938,411,TON,43.091
1999,216299,GRAPESWINE,55,Napa,30506,3.39,103526,2143,TON,221.852
1999,216299,GRAPESWINE,57,Nevada,201,4.49,902,1031,TON,0.9304
1999,216299,GRAPESWINE,65,Riverside,2319,4.83,11212,906,TON,10.1537
1999,216299,GRAPESWINE,67,Sacramento,22630,6.9,156147,579,TON,90.409
1999,216299,GRAPESWINE,69,SanBenito,2494,3.66,9128,1474,TON,13.455
1999,216299,GRAPESWINE,71,SanBernardino,401,3.11,1246,634,TON,0.7902
1999,216299,GRAPESWINE,73,SanDiego,189,2.03,384,420,TON,0.1612
1999,216299,GRAPESWINE,77,SanJoaquin,82012,6.69,548800,523,TON,287.24
1999,216299,GRAPESWINE,79,SanLuisObispo,16272,3.99,64932,1288,TON,83.601
1999,216299,GRAPESWINE,81,SanMateo,40,,,,,0.13
1999,216299,GRAPESWINE,83,SantaBarbara,14064,2.99,42051,1430,TON,60.1178
1999,216299,GRAPESWINE,85,SantaClara,1600,4.4,7040,1780,TON,12.531
1999,216299,GRAPESWINE,87,SantaCruz,260,2.64,686,2204,TON,1.512
1999,216299,GRAPESWINE,95,Solano,3390,3.93,13307,1062,TON,14.1309
1999,216299,GRAPESWINE,97,Sonoma,42227,3.37,142477,1890,TON,269.271
1999,216299,GRAPESWINE,105,Trinity,,,140,1204,TON,0.1686
1999,216299,GRAPESWINE,107,Tulare,30969,9.63,298380,230,TON,68.748
1999,216299,GRAPESWINE,113,Yolo,8704,6.17,53704,660,TON,35.431
1999,216299,GRAPESWINE,115,Yuba,395,1.86,735,1346,TON,0.989
1998,216299,GRAPESWINE,1,Alameda,2141,2.04,4370,1205,TONS,5.267
1998,216299,GRAPESWINE,5,Amador,2672,2.9,7749,910,TONS,7.0516
1998,216299,GRAPESWINE,9,Calaveras,320,4.13,1320,900,TONS,1.188
1998,216299,GRAPESWINE,17,ElDorado,917,3.23,2961,1066,TONS,3.1554
1998,216299,GRAPESWINE,19,Fresno,81747,9.3,760130,231,TONS,175.508
1998,216299,GRAPESWINE,29,Kern,44761,8.94,400310,259,TONS,103.633
1998,216299,GRAPESWINE,31,Kings,2168,13.52,29322,212,TONS,6.227
1998,216299,GRAPESWINE,33,Lake,3240,4.18,13535,1125,TONS,15.2269
1998,216299,GRAPESWINE,39,Madera,50226,9.33,468541,236,TONS,110.394
1998,216299,GRAPESWINE,43,Mariposa,64,1.69,108,963,TONS,0.104
1998,216299,GRAPESWINE,45,Mendocino,12283,4.86,59647,1394,TONS,83.1555
1998,216299,GRAPESWINE,47,Merced,14458,6.11,88283,526,TONS,46.399
1998,216299,GRAPESWINE,53,Monterey,32131,4.63,148860,1200,TONS,178.61
1998,216299,GRAPESWINE,55,Napa,30875,3.32,102355,1910,TONS,195.481
1998,216299,GRAPESWINE,57,Nevada,201,2.72,546,1105,TONS,0.6032
1998,216299,GRAPESWINE,65,Riverside,1974,6.93,13680,987,TONS,13.5028
1998,216299,GRAPESWINE,67,Sacramento,13387,6.8,91032,850,TONS,77.377
1998,216299,GRAPESWINE,69,SanBenito,2255,3.19,7194,1440,TONS,10.359
1998,216299,GRAPESWINE,71,SanBernardino,682,1.89,1290,533,TONS,0.6882
1998,216299,GRAPESWINE,73,SanDiego,187,2.58,483,489,TONS,0.2364
1998,216299,GRAPESWINE,77,SanJoaquin,76205,6.7,510400,531,TONS,271.099
1998,216299,GRAPESWINE,79,SanLuisObispo,11897,5.08,60388,1231,TON,74.358
1998,216299,GRAPESWINE,81,SanMateo,54,,,,,0.122
1998,216299,GRAPESWINE,83,SantaBarbara,10799,3.63,39200,1510,TONS,59.1893
1998,216299,GRAPESWINE,85,SantaClara,1700,3.8,6460,1300,TONS,8.398
1998,216299,GRAPESWINE,87,SantaCruz,254,1.3,330,1533,TONS,0.506
1998,216299,GRAPESWINE,95,Solano,2711,4.07,11026,1037,TONS,11.4376
1998,216299,GRAPESWINE,97,Sonoma,35334,3.77,133258,1740,TONS,231.828
1998,216299,GRAPESWINE,99,Stanislaus,13000,8.65,112500,342,TONS,38.525
1998,216299,GRAPESWINE,105,Trinity,85,,,,,0.0495
1998,216299,GRAPESWINE,107,Tulare,29477,9.16,269930,234,TONS,63.291
1998,216299,GRAPESWINE,113,Yolo,8410,7.37,61982,756,TONS,46.837
1998,216299,GRAPESWINE,115,Yuba,350,1.27,443,1388,TONS,0.615
1997,216299,GRAPESWINE,1,Alameda,1977,4.71,9308,1116,TONS,10.386
1997,216299,GRAPESWINE,5,Amador,2487,4.2,10445,895,TONS,9.3483
1997,216299,GRAPESWINE,9,Calaveras,260,4.35,1130,1010,TONS,1.1413
1997,216299,GRAPESWINE,17,ElDorado,876,4.15,3638,1044,TONS,3.7981
1997,216299,GRAPESWINE,19,Fresno,87220,11.22,978930,225,TONS,220.57
1997,216299,GRAPESWINE,29,Kern,43137,10.31,444890,257,TONS,114.553
1997,216299,GRAPESWINE,31,Kings,2115,13.57,28707,269,TONS,7.731
1997,216299,GRAPESWINE,33,Lake,4744,2.96,14053,1155,TONS,16.2381
1997,216299,GRAPESWINE,39,Madera,51428,11.79,606129,251,TONS,152.245
1997,216299,GRAPESWINE,43,Mariposa,76,2.12,161,1031,TONS,0.166
1997,216299,GRAPESWINE,45,Mendocino,12179,5.34,64984,1381,TONS,89.765
1997,216299,GRAPESWINE,47,Merced,13614,9.69,131857,435,TONS,57.359
1997,216299,GRAPESWINE,53,Monterey,28294,5.92,167488,1214,TONS,203.412
1997,216299,GRAPESWINE,55,Napa,31184,4.62,144217,1724,TONS,248.701
1997,216299,GRAPESWINE,57,Nevada,201,5.29,1063,1099,TONS,1.1678
1997,216299,GRAPESWINE,65,Riverside,2085,6.35,13240,873,TONS,11.5522
1997,216299,GRAPESWINE,67,Sacramento,9343,7,65401,640,TONS,41.857
1997,216299,GRAPESWINE,69,SanBenito,2125,5.55,11794,1381,TONS,16.288
1997,216299,GRAPESWINE,71,SanBernardino,736,4.87,3582,573,TONS,2.052
1997,216299,GRAPESWINE,73,SanDiego,187,2.99,559,508,TONS,0.284
1997,216299,GRAPESWINE,77,SanJoaquin,73225,7.9,578700,502,TONS,290.279
1997,216299,GRAPESWINE,79,SanLuisObispo,11128,6.24,69384,1206,TONS,83.68
1997,216299,GRAPESWINE,81,SanMateo,52,,,,,0.2
1997,216299,GRAPESWINE,83,SantaBarbara,9369,4.63,43379,1184,TONS,51.3525
1997,216299,GRAPESWINE,87,SantaCruz,245,4.4,1078,1955,TONS,2.107
1997,216299,GRAPESWINE,95,Solano,2199,6.55,14396,1115,TONS,16.0521
1997,216299,GRAPESWINE,97,Sonoma,34121,5.5,187674,1589,TONS,298.1473
1997,216299,GRAPESWINE,99,Stanislaus,13520,10.89,147200,310,TONS,45.618
1997,216299,GRAPESWINE,107,Tulare,31829,11.25,357950,226,TONS,80.852
1997,216299,GRAPESWINE,113,Yolo,6833,7.48,51112,731,TONS,37.385
1996,216299,GRAPESWINE,1,Alameda,1662,2.85,4730,1029,TONS,4.866
1996,216299,GRAPESWINE,5,Amador,2358,4.6,10847,871,TONS,9.4477
1996,216299,GRAPESWINE,9,Calaveras,260,4.5,1170,945,TONS,1.1057
1996,216299,GRAPESWINE,17,ElDorado,937,3.77,3532,889,TONS,3.1399
1996,216299,GRAPESWINE,19,Fresno,86319,8.54,737490,230,TONS,169.256
1996,216299,GRAPESWINE,29,Kern,38934,8.71,339020,260,TONS,88.236
1996,216299,GRAPESWINE,31,Kings,2087,11.15,23268,253,TONS,5.896
1996,216299,GRAPESWINE,33,Lake,3842,2.42,9297,1013,TONS,9.4146
1996,216299,GRAPESWINE,39,Madera,49857,9.61,479252,251,TONS,120.408
1996,216299,GRAPESWINE,43,Mariposa,82,1.85,152,998,TONS,0.1517
1996,216299,GRAPESWINE,45,Mendocino,11739,4.31,50650,1175,TONS,59.514
1996,216299,GRAPESWINE,47,Merced,11990,6.57,78725,458,TONS,36.087
1996,216299,GRAPESWINE,53,Monterey,27873,4.27,118923,1090,TONS,129.663
1996,216299,GRAPESWINE,55,Napa,30919,3.24,100251,1512,TONS,151.595
1996,216299,GRAPESWINE,57,Nevada,201,4.26,856,1068,TONS,0.9139
1996,216299,GRAPESWINE,65,Riverside,2032,5.21,10587,874,TONS,9.253
1996,216299,GRAPESWINE,67,Sacramento,7900,7,55300,650,TONS,35.945
1996,216299,GRAPESWINE,69,SanBenito,2125,3.62,7693,1259,TONS,9.685
1996,216299,GRAPESWINE,71,SanBernardino,1146,1.89,2162,591,TONS,1.277
1996,216299,GRAPESWINE,73,SanDiego,187,3.22,602,218,TONS,0.1312
1996,216299,GRAPESWINE,77,SanJoaquin,68014,6.74,458200,517,TONS,236.972
1996,216299,GRAPESWINE,81,SanMateo,56,,,,,0.362
1996,216299,GRAPESWINE,87,SantaCruz,245,2.1,514,1951,TONS,1.003
1996,216299,GRAPESWINE,95,Solano,2093,6.36,13312,1014,TONS,13.4954
1996,216299,GRAPESWINE,97,Sonoma,33703,3.8,127990,1372,TONS,175.5722
1996,216299,GRAPESWINE,99,Stanislaus,13560,8.47,114900,421,TONS,48.382
1996,216299,GRAPESWINE,107,Tulare,27127,9.47,256840,242,TONS,62.105
1996,216299,GRAPESWINE,113,Yolo,4540,4.65,21111,795,TONS,16.78
1995,216299,GRAPESWINE,1,Alameda,1709,1.9,3253,871,TONS,2.833
1995,216299,GRAPESWINE,5,Amador,2287,5.25,12007,716,TONS,8.597
1995,216299,GRAPESWINE,9,Calaveras,260,3.31,860,560,TONS,0.4816
1995,216299,GRAPESWINE,17,ElDorado,817,3.9,3186,812,TONS,2.5873
1995,216299,GRAPESWINE,19,Fresno,63633,10.11,643400,195,TONS,125.68
1995,216299,GRAPESWINE,29,Kern,37635,10.21,384130,221,TONS,84.784
1995,216299,GRAPESWINE,31,Kings,2057,6,12344,453,TONS,5.591
1995,216299,GRAPESWINE,33,Lake,2858,4.4,12589,829,TONS,10.4425
1995,216299,GRAPESWINE,39,Madera,49522,9.4,465723,202,TONS,94.052
1995,216299,GRAPESWINE,43,Mariposa,57,1.3,74,693,TONS,0.0513
1995,216299,GRAPESWINE,45,Mendocino,11745,4.7,55179,883,TONS,48.7231
1995,216299,GRAPESWINE,47,Merced,11146,8.27,92151,269,TONS,24.831
1995,216299,GRAPESWINE,53,Monterey,28030,2.94,82321,963,TONS,79.309
1995,216299,GRAPESWINE,55,Napa,31514,3.49,109842,1310,TONS,143.929
1995,216299,GRAPESWINE,57,Nevada,201,2.46,495,1018,TONS,0.5039
1995,216299,GRAPESWINE,65,Riverside,2048,2.75,5632,828,TONS,4.6633
1995,216299,GRAPESWINE,67,Sacramento,7180,8,57440,600,TONS,34.464
1995,216299,GRAPESWINE,69,SanBenito,2125,3.57,7586,895,TONS,6.789
1995,216299,GRAPESWINE,71,SanBernardino,1165,0.91,1062,296,TONS,0.3144
1995,216299,GRAPESWINE,73,SanDiego,187,2.85,533,220,TONS,0.1173
1995,216299,GRAPESWINE,77,SanJoaquin,64520,8.09,521700,424,TONS,221.156
1995,216299,GRAPESWINE,79,SanLuisObispo,9380,5.08,47604,855,TONS,40.719
1995,216299,GRAPESWINE,81,SanMateo,56,,,,,0.28
1995,216299,GRAPESWINE,85,SantaClara,1600,2.75,4400,750,TONS,3.3
1995,216299,GRAPESWINE,87,SantaCruz,180,1.11,200,1600,TONS,0.32
1995,216299,GRAPESWINE,95,Solano,2000,5.06,10112,746,TONS,7.5477
1995,216299,GRAPESWINE,97,Sonoma,33189,4.22,139993,1135,TONS,158.8248
1995,216299,GRAPESWINE,99,Stanislaus,13700,9.1,124700,239,TONS,29.83
1995,216299,GRAPESWINE,107,Tulare,23880,10.22,244040,206,TONS,50.302
1995,216299,GRAPESWINE,113,Yolo,4219,7.88,33253,599,TONS,19.924
1994,216299,GRAPESWINE,1,Alameda,2050,2.08,4261,899,TONS,3.829
1994,216299,GRAPESWINE,5,Amador,2212,3.28,7255,618,TONS,4.4836
1994,216299,GRAPESWINE,9,Calaveras,260,2.5,650,600,TONS,0.39
1994,216299,GRAPESWINE,17,ElDorado,802,3.83,3068,655,TONS,2.01
1994,216299,GRAPESWINE,19,Fresno,46448,8.52,395800,170,TONS,67.367
1994,216299,GRAPESWINE,29,Kern,38223,8.74,334170,182,TONS,60.975
1994,216299,GRAPESWINE,31,Kings,1884,13.3,25049,219,TONS,5.498
1994,216299,GRAPESWINE,33,Lake,2932,3.34,9794,709,TONS,6.944
1994,216299,GRAPESWINE,39,Madera,49706,10.18,506242,163,TONS,82.643
1994,216299,GRAPESWINE,43,Mariposa,35,2.06,72,840,TONS,0.0605
1994,216299,GRAPESWINE,45,Mendocino,12335,3.61,44582,731,TONS,32.6008
1994,216299,GRAPESWINE,47,Merced,12896,8.81,113580,249,TONS,28.303
1994,216299,GRAPESWINE,53,Monterey,28167,4.24,119384,748,TONS,89.335
1994,216299,GRAPESWINE,55,Napa,32239,3.76,121292,1213,TONS,147.161
1994,216299,GRAPESWINE,57,Nevada,174,3.92,682,701,TONS,0.4783
1994,216299,GRAPESWINE,65,Riverside,2048,4.31,8826,520,TONS,4.592
1994,216299,GRAPESWINE,67,Sacramento,6940,8,55520,450,TONS,24.984
1994,216299,GRAPESWINE,69,SanBenito,1665,3.96,6593,808,TONS,5.327
1994,216299,GRAPESWINE,71,SanBernardino,1221,2.81,3431,216,TONS,0.742
1994,216299,GRAPESWINE,73,SanDiego,162,3.01,488,478,TONS,0.2331
1994,216299,GRAPESWINE,77,SanJoaquin,52330,7.31,382600,392,TONS,150.068
1994,216299,GRAPESWINE,79,SanLuisObispo,8750,4.52,39589,786,TONS,31.115
1994,216299,GRAPESWINE,81,SanMateo,54,,,,,0.411
1994,216299,GRAPESWINE,85,SantaClara,1535,2.5,3838,760,TONS,2.917
1994,216299,GRAPESWINE,87,SantaCruz,188,0.81,152,1296,TONS,0.197
1994,216299,GRAPESWINE,95,Solano,1874,5.36,10039,626,TONS,6.2866
1994,216299,GRAPESWINE,97,Sonoma,33766,4.53,153096,995,TONS,152.2807
1994,216299,GRAPESWINE,99,Stanislaus,17500,9.53,166700,200,TONS,33.28
1994,216299,GRAPESWINE,107,Tulare,20769,9,186970,184,TONS,34.445
1994,216299,GRAPESWINE,113,Yolo,2092,6.51,13619,454,TONS,6.186
1993,216299,GRAPESWINE,1,Alameda,1572,2.7,4248,854,TONS,3.626
1993,216299,GRAPESWINE,5,Amador,2114,4.45,9407,531,TONS,4.9951
1993,216299,GRAPESWINE,9,Calaveras,260,2.4,625,580,TONS,0.3625
1993,216299,GRAPESWINE,19,Fresno,61022,10.93,667100,182,TONS,121.69
1993,216299,GRAPESWINE,29,Kern,40168,10.28,413000,202,TONS,83.626
1993,216299,GRAPESWINE,31,Kings,1712,12.26,20996,212,TONS,4.456
1993,216299,GRAPESWINE,33,Lake,2682,4.28,11466,703,TONS,8.0658
1993,216299,GRAPESWINE,39,Madera,50308,10.28,517405,185,TONS,95.462
1993,216299,GRAPESWINE,43,Mariposa,60,2.13,128,863,TONS,0.1104
1993,216299,GRAPESWINE,45,Mendocino,11591,5.2,60269,679,TONS,40.9228
1993,216299,GRAPESWINE,47,Merced,13148,8.89,116940,239,TONS,27.982
1993,216299,GRAPESWINE,53,Monterey,26801,5.02,134408,759,TONS,101.973
1993,216299,GRAPESWINE,55,Napa,32034,3.48,111589,1205,TONS,134.486
1993,216299,GRAPESWINE,57,Nevada,174,3.42,595,713,TONS,0.4241
1993,216299,GRAPESWINE,65,Riverside,1968,4.35,8561,458,TONS,3.9246
1993,216299,GRAPESWINE,67,Sacramento,7300,6,43800,420,TONS,18.396
1993,216299,GRAPESWINE,69,SanBenito,1753,4.08,7152,751,TONS,5.371
1993,216299,GRAPESWINE,71,SanBernardino,1219,5.42,6603,184,TONS,1.2171
1993,216299,GRAPESWINE,73,SanDiego,162,2.65,429,497,TONS,0.2134
1993,216299,GRAPESWINE,77,SanJoaquin,47267,7.02,331950,376,TONS,124.862
1993,216299,GRAPESWINE,79,SanLuisObispo,8676,5.4,46878,735,TONS,34.476
1993,216299,GRAPESWINE,81,SanMateo,48,,,,,0.365
1993,216299,GRAPESWINE,85,SantaClara,1455,2.75,4001,665,TONS,2.661
1993,216299,GRAPESWINE,87,SantaCruz,163,0.93,152,1678,TONS,0.255
1993,216299,GRAPESWINE,95,Solano,1884,3.92,7377,591,TONS,4.3587
1993,216299,GRAPESWINE,97,Sonoma,31475,4.16,131039,952,TONS,124.7259
1993,216299,GRAPESWINE,99,Stanislaus,17200,8.83,151900,214,TON,32.456
1993,216299,GRAPESWINE,107,Tulare,25251,10.47,264420,193,TONS,50.92
1993,216299,GRAPESWINE,113,Yolo,1770,5.46,9664,416,TONS,4.019
1992,216299,GRAPESWINE,1,Alameda,1531,3.28,5028,890,TONS,4.474
1992,216299,GRAPESWINE,5,Amador,2013,4.09,8237,532,TONS,4.382784
1992,216299,GRAPESWINE,9,Calaveras,260,2.12,550,612,TONS,0.3366
1992,216299,GRAPESWINE,19,Fresno,77293,10.67,825100,195,TONS,160.621
1992,216299,GRAPESWINE,29,Kern,41624,9.22,383680,210,TONS,80.415
1992,216299,GRAPESWINE,31,Kings,2407,8.26,19891,193,TONS,3.839
1992,216299,GRAPESWINE,33,Lake,2682,4.28,11466,703,TONS,8.0658
1992,216299,GRAPESWINE,39,Madera,52000,10.05,522509,203,TONS,105.876
1992,216299,GRAPESWINE,43,Mariposa,46,2.46,113,767,TONS,0.0867
1992,216299,GRAPESWINE,45,Mendocino,11143,5.49,61135,724,TONS,44.262
1992,216299,GRAPESWINE,47,Merced,11331,9.53,108000,241,TONS,26.028
1992,216299,GRAPESWINE,53,Monterey,24241,4.18,101407,740,TONS,75.036
1992,216299,GRAPESWINE,55,Napa,31155,4.34,135256,1240,TONS,167.682
1992,216299,GRAPESWINE,57,Nevada,174,4.93,858,816,TONS,0.6998
1992,216299,GRAPESWINE,65,Riverside,2128,3.13,6661,653,TONS,4.3496
1992,216299,GRAPESWINE,67,Sacramento,7500,7,52500,410,TONS,21.525
1992,216299,GRAPESWINE,69,SanBenito,2025,4.62,9355,606,TONS,5.669
1992,216299,GRAPESWINE,71,SanBernardino,1290,2.89,3722,249,TONS,0.9275
1992,216299,GRAPESWINE,73,SanDiego,162,4.71,763,285,TONS,0.2175
1992,216299,GRAPESWINE,77,SanJoaquin,42330,7.75,328000,284,TONS,93.239
1992,216299,GRAPESWINE,79,SanLuisObispo,8327,5.01,41744,818,TONS,34.162
1992,216299,GRAPESWINE,83,SantaBarbara,9036,3.06,27650,1011,TONS,27.9605
1992,216299,GRAPESWINE,85,SantaClara,1430,2.5,3575,690,TONS,2.467
1992,216299,GRAPESWINE,87,SantaCruz,96,1.44,138,1449,TONS,0.2
1992,216299,GRAPESWINE,95,Solano,1786,4.82,8614,633,TONS,5.4548
1992,216299,GRAPESWINE,97,Sonoma,31263,4.73,148010,1004,TONS,148.6186
1992,216299,GRAPESWINE,99,Stanislaus,19700,8.68,171000,225,TONS,38.472
1992,216299,GRAPESWINE,107,Tulare,34804,10.23,355890,186,TONS,66.243
1992,216299,GRAPESWINE,113,Yolo,1667,6.56,10936,399,TONS,4.367
1991,216299,GRAPESWINE,1,Alameda,1286,3.84,4938,867,TONS,4.282
1991,216299,GRAPESWINE,5,Amador,1638,3.32,5435,519,TONS,2.81805
1991,216299,GRAPESWINE,9,Calaveras,230,2.61,600,525,TONS,0.315
1991,216299,GRAPESWINE,19,Fresno,32900,9.26,304780,162,TONS,49.394
1991,216299,GRAPESWINE,29,Kern,26588,7.86,209000,176,TONS,36.859
1991,216299,GRAPESWINE,31,Kings,1111,9.11,10121,147,TONS,1.488
1991,216299,GRAPESWINE,33,Lake,2421,5.01,12126,783,TONS,9.4886
1991,216299,GRAPESWINE,39,Madera,49807,9.04,450387,155,TONS,69.9
1991,216299,GRAPESWINE,43,Mariposa,77,1.29,99,715,TONS,0.0708
1991,216299,GRAPESWINE,45,Mendocino,11281,4.57,51551,707,TONS,36.4466
1991,216299,GRAPESWINE,47,Merced,13326,8.13,108389,217,TONS,23.509
1991,216299,GRAPESWINE,53,Monterey,24150,4.23,102074,723,TONS,73.8
1991,216299,GRAPESWINE,55,Napa,29993,4.61,138322,1260,TONS,174.275
1991,216299,GRAPESWINE,57,Nevada,174,4.94,860,661,TONS,0.5682
1991,216299,GRAPESWINE,65,Riverside,2211,3.07,6788,596,TONS,4.0484
1991,216299,GRAPESWINE,67,Sacramento,6800,6.5,44200,380,TONS,16.796
1991,216299,GRAPESWINE,69,SanBenito,1773,4.19,7429,512,TONS,3.804
1991,216299,GRAPESWINE,71,SanBernardino,1260,1.47,1849,153,TONS,0.2831
1991,216299,GRAPESWINE,73,SanDiego,136,3.45,469,285,TONS,0.1337
1991,216299,GRAPESWINE,77,SanJoaquin,44000,7,308040,251,TONS,77.186
1991,216299,GRAPESWINE,79,SanLuisObispo,8100,5.32,43092,793,TONS,34.172
1991,216299,GRAPESWINE,83,SantaBarbara,8889,3.56,31645,1036,TONS,32.7845
1991,216299,GRAPESWINE,85,SantaClara,1475,2.5,3688,570,TONS,2.102
1991,216299,GRAPESWINE,87,SantaCruz,110,1.6,176,1489,TONS,0.262
1991,216299,GRAPESWINE,95,Solano,1801,6.52,11747,584,TONS,6.8649
1991,216299,GRAPESWINE,97,Sonoma,29421,4.95,145493,1016,TONS,147.8029
1991,216299,GRAPESWINE,99,Stanislaus,18300,10.82,198000,177,TONS,35.132
1991,216299,GRAPESWINE,107,Tulare,11135,9.17,102080,180,TONS,18.346
1991,216299,GRAPESWINE,113,Yolo,1366,6.06,8278,364,TONS,3.013
1990,216299,GRAPESWINE,1,Alameda,1628,2.11,3435,880,TONS,3.023
1990,216299,GRAPESWINE,5,Amador,1650,3.42,5643,528,TONS,2.97885
1990,216299,GRAPESWINE,9,Calaveras,150,2.4,360,550,TONS,0.198
1990,216299,GRAPESWINE,19,Fresno,33715,10.28,346750,158,TONS,54.91
1990,216299,GRAPESWINE,29,Kern,28704,8.74,251000,148,TONS,37.174
1990,216299,GRAPESWINE,31,Kings,1111,8.74,9710,155,TONS,1.505
1990,216299,GRAPESWINE,33,Lake,2545,3.14,7991,794,TONS,6.3455
1990,216299,GRAPESWINE,39,Madera,49526,9.05,448032,151,TONS,67.489
1990,216299,GRAPESWINE,43,Mariposa,70,1.34,94,693,TONS,0.0651
1990,216299,GRAPESWINE,45,Mendocino,11341,3.51,39779,713,TONS,28.3624
1990,216299,GRAPESWINE,47,Merced,14186,8.66,122900,193,TONS,23.734
1990,216299,GRAPESWINE,53,Monterey,25248,3.96,100076,637,TONS,63.719
1990,216299,GRAPESWINE,55,Napa,28846,3.96,114304,1229,TONS,140.484
1990,216299,GRAPESWINE,57,Nevada,,,527,928,TONS,0.4892
1990,216299,GRAPESWINE,65,Riverside,2211,3.2,7075,622,TONS,4.4026
1990,216299,GRAPESWINE,67,Sacramento,6200,6,37200,320,TONS,11.904
1990,216299,GRAPESWINE,69,SanBenito,1800,3.65,6570,495,TONS,3.252
1990,216299,GRAPESWINE,71,SanBernardino,1300,1.39,1801,166,TONS,0.2992
1990,216299,GRAPESWINE,73,SanDiego,134,2.99,400,261,TONS,0.1045
1990,216299,GRAPESWINE,77,SanJoaquin,44234,7.6,336000,240,TONS,80.511
1990,216299,GRAPESWINE,79,SanLuisObispo,8150,4.41,35942,876,TONS,31.49
1990,216299,GRAPESWINE,83,SantaBarbara,8151,3.77,30729,1016,TONS,31.2176
1990,216299,GRAPESWINE,85,SantaClara,1550,2.5,3875,555,TONS,2.151
1990,216299,GRAPESWINE,87,SantaCruz,120,2,240,1363,TONS,0.327
1990,216299,GRAPESWINE,95,Solano,1234,6.24,7702,553,TONS,4.2559
1990,216299,GRAPESWINE,97,Sonoma,29473,3.8,111921,1004,TONS,112.4019
1990,216299,GRAPESWINE,99,Stanislaus,17400,9.66,168000,170,TONS,28.611
1990,216299,GRAPESWINE,107,Tulare,10003,10.11,101150,155,TONS,15.718
1990,216299,GRAPESWINE,113,Yolo,1581,5,7905,297,TONS,2.348
1989,216299,GRAPESWINE,1,Alameda,1812,4.2,7615,713,TONS,5.432
1989,216299,GRAPESWINE,5,Amador,1595,3.77,6008,633,TONS,3.801
1989,216299,GRAPESWINE,9,Calaveras,150,2.33,350,629,TONS,0.2202
1989,216299,GRAPESWINE,19,Fresno,34239,8.39,287300,186,TONS,53.356
1989,216299,GRAPESWINE,29,Kern,28905,8.44,244000,182,TONS,44.29
1989,216299,GRAPESWINE,31,Kings,954,8.04,7670,172,TONS,1.319
1989,216299,GRAPESWINE,33,Lake,2601,4.67,12143,936,TONS,11.36473
1989,216299,GRAPESWINE,39,Madera,50908,9.06,461000,148,TONS,68.18
1989,216299,GRAPESWINE,45,Mendocino,11085,5.34,59168,771,TONS,45.6189
1989,216299,GRAPESWINE,47,Merced,14464,7.93,114720,208,TONS,23.818
1989,216299,GRAPESWINE,53,Monterey,32646,2.74,89400,673,TONS,60.139
1989,216299,GRAPESWINE,55,Napa,27858,4.77,132849,1157,TONS,153.688
1989,216299,GRAPESWINE,57,Nevada,,,473,656,TONS,0.3103
1989,216299,GRAPESWINE,61,Placer,111,2.58,286,434,TONS,0.124
1989,216299,GRAPESWINE,65,Riverside,2274,4.45,10119,641,TONS,6.4841
1989,216299,GRAPESWINE,67,Sacramento,4720,5.51,26000,400,TONS,10.4
1989,216299,GRAPESWINE,69,SanBenito,1700,4.1,6970,475,TONS,3.311
1989,216299,GRAPESWINE,71,SanBernardino,2843,2.63,7467,196,TONS,1.46
1989,216299,GRAPESWINE,73,SanDiego,115,3.4,391,250,TONS,0.09775
1989,216299,GRAPESWINE,77,SanJoaquin,45840,8.27,379000,303,TONS,114.87
1989,216299,GRAPESWINE,79,SanLuisObispo,7649,5.56,42528,857,TONS,36.453
1989,216299,GRAPESWINE,83,SantaBarbara,7613,3.71,28244,1068,TONS,30.16318
1989,216299,GRAPESWINE,85,SantaClara,1500,2.75,4125,525,TONS,2.166
1989,216299,GRAPESWINE,87,SantaCruz,120,1.8,216,1449,TONS,0.313
1989,216299,GRAPESWINE,95,Solano,1234,6.63,8187,626,TONS,5.125
1989,216299,GRAPESWINE,97,Sonoma,29298,4.42,129544,944,TONS,122.3066
1989,216299,GRAPESWINE,99,Stanislaus,16173,9.4,152000,172,TONS,26.192
1989,216299,GRAPESWINE,107,Tulare,10632,8.92,94880,193,TONS,18.303
1989,216299,GRAPESWINE,113,Yolo,1374,6.89,9460,272,TONS,2.573
1988,216299,GRAPESWINE,1,Alameda,1216,3.37,4094,378,TON,1.548
1988,216299,GRAPESWINE,5,Amador,1550,3.52,5453,629,TONS,3.4273
1988,216299,GRAPESWINE,9,Calaveras,150,2.8,420,521,TON,0.2188
1988,216299,GRAPESWINE,19,Fresno,34867,9.9,345100,167,TON,57.49
1988,216299,GRAPESWINE,29,Kern,29418,9.93,292000,154,TON,44.924
1988,216299,GRAPESWINE,31,Kings,800,9,7200,152,TONS,1.094
1988,216299,GRAPESWINE,33,Lake,3050,2.76,8406,750,TONS,6.30618
1988,216299,GRAPESWINE,39,Madera,37822,9.52,359912,143,TON,51.544
1988,216299,GRAPESWINE,45,Mendocino,10790,3.09,33364,646,TONS,21.5533
1988,216299,GRAPESWINE,47,Merced,14563,8.16,118850,180,TON,21.41
1988,216299,GRAPESWINE,53,Monterey,26844,3.1,83210,532,TON,44.247
1988,216299,GRAPESWINE,55,Napa,29243,3.41,99777,982,TONS,97.943
1988,216299,GRAPESWINE,57,Nevada,,,223,502,TON,0.112
1988,216299,GRAPESWINE,61,Placer,123,2.17,267,330,TONS,0.0881
1988,216299,GRAPESWINE,65,Riverside,3508,3.32,11647,537,TONS,6.2499
1988,216299,GRAPESWINE,67,Sacramento,4650,6.99,32500,480,TON,15.6
1988,216299,GRAPESWINE,69,SanBenito,1700,3.9,6630,505,TONS,3.348
1988,216299,GRAPESWINE,71,SanBernardino,2825,2.94,8315,285,TON,2.368
1988,216299,GRAPESWINE,73,SanDiego,75,1.31,98,249,TONS,0.024375
1988,216299,GRAPESWINE,77,SanJoaquin,47014,9.46,444600,329,TON,146.327
1988,216299,GRAPESWINE,79,SanLuisObispo,7255,4.5,32648,656,TONS,21.417
1988,216299,GRAPESWINE,83,SantaBarbara,9045,3.31,29895,711,TON,21.255
1988,216299,GRAPESWINE,85,SantaClara,1500,2.5,3750,500,TON,1.875
1988,216299,GRAPESWINE,87,SantaCruz,110,1.1,121,1149,TONS,0.139
1988,216299,GRAPESWINE,95,Solano,1096,3.52,3858,517,TON,1.9953
1988,216299,GRAPESWINE,97,Sonoma,29452,3.54,104161,805,TON,83.8248
1988,216299,GRAPESWINE,99,Stanislaus,17000,9.24,157040,168,TON,26.438
1988,216299,GRAPESWINE,107,Tulare,11541,9.01,104040,167,TONS,17.326
1988,216299,GRAPESWINE,113,Yolo,1362,7.37,10038,312,TON,3.132
1987,216299,GRAPESWINE,1,Alameda,1458,3.43,5006,358,TONS,1.794
1987,216299,GRAPESWINE,5,Amador,1650,3.71,6118,415,TONS,2.539
1987,216299,GRAPESWINE,9,Calaveras,135,2.22,300,400,TONS,0.12
1987,216299,GRAPESWINE,13,ContraCosta,879,1.6,1410,368,TONS,0.519
1987,216299,GRAPESWINE,17,ElDorado,116,2.4,278,497,TONS,0.1382
1987,216299,GRAPESWINE,19,Fresno,35671,7.93,283000,149,TONS,42.065
1987,216299,GRAPESWINE,29,Kern,29133,7.5,218400,129,TONS,28.23
1987,216299,GRAPESWINE,31,Kings,1214,10,12140,140,TONS,1.7
1987,216299,GRAPESWINE,33,Lake,3000,3.46,10385,458,TONS,4.75887
1987,216299,GRAPESWINE,39,Madera,38511,8.48,326698,138,TONS,45.15
1987,216299,GRAPESWINE,45,Mendocino,10574,3.71,39235,469,TONS,18.401
1987,216299,GRAPESWINE,47,Merced,14370,8.36,120100,157,TONS,18.903
1987,216299,GRAPESWINE,53,Monterey,24815,4,99325,405,TONS,40.276
1987,216299,GRAPESWINE,55,Napa,28970,3.46,100180,820,TONS,82.162
1987,216299,GRAPESWINE,57,Nevada,,,238,465,TONS,0.1107
1987,216299,GRAPESWINE,61,Placer,125,2.13,266,395,TONS,0.105
1987,216299,GRAPESWINE,65,Riverside,3148,3.94,12403,407,TONS,5.0467
1987,216299,GRAPESWINE,67,Sacramento,4530,6,27200,300,TONS,8.16
1987,216299,GRAPESWINE,69,SanBenito,1700,2.2,3740,455,TONS,1.701
1987,216299,GRAPESWINE,71,SanBernardino,3522,2.6,9140,190,TONS,1.741
1987,216299,GRAPESWINE,73,SanDiego,90,1.5,135,240,TONS,0.0324
1987,216299,GRAPESWINE,77,SanJoaquin,31400,6.78,213000,229,TONS,48.701
1987,216299,GRAPESWINE,79,SanLuisObispo,6459,4.12,26611,479,TONS,12.747
1987,216299,GRAPESWINE,83,SantaBarbara,8646,3.08,26630,527,TONS,14.02176
1987,216299,GRAPESWINE,85,SantaClara,1570,2,3140,415,TONS,1.303
1987,216299,GRAPESWINE,87,SantaCruz,105,0.9,95,895,TONS,0.085
1987,216299,GRAPESWINE,95,Solano,1138,3.17,3604,341,TONS,1.2298
1987,216299,GRAPESWINE,97,Sonoma,28191,3.77,106205,636,TONS,67.5676
1987,216299,GRAPESWINE,99,Stanislaus,16950,9.59,162550,142,TONS,23.16
1987,216299,GRAPESWINE,107,Tulare,13279,7.93,105250,127,TONS,13.411
1987,216299,GRAPESWINE,113,Yolo,1308,7.19,9404,237,TONS,2.229
1986,216299,GRAPESWINE,1,Alameda,1465,3.35,4908,356,TON,1.749
1986,216299,GRAPESWINE,5,Amador,1597,3.4,5432,378,TON,2.0531
1986,216299,GRAPESWINE,9,Calaveras,135,2.22,300,340,,0.102
1986,216299,GRAPESWINE,13,ContraCosta,877,2.24,1964,359,TON,0.705
1986,216299,GRAPESWINE,17,ElDorado,116,3,348,760,TON,0.2645
1986,216299,GRAPESWINE,19,Fresno,37535,7.47,280300,138,TON,38.795
1986,216299,GRAPESWINE,29,Kern,35937,6.22,223500,117,TON,26.128
1986,216299,GRAPESWINE,31,Kings,1214,12,14568,125,TON,1.821
1986,216299,GRAPESWINE,33,Lake,3005,3.79,11396,442,TON,5.032075
1986,216299,GRAPESWINE,39,Madera,40267,8.71,350734,112,,39.311
1986,216299,GRAPESWINE,45,Mendocino,10494,4.09,42938,395,,16.9603
1986,216299,GRAPESWINE,47,Merced,13440,8.53,114600,136,TON,15.62
1986,216299,GRAPESWINE,53,Monterey,27305,3.76,102706,348,TON,35.706
1986,216299,GRAPESWINE,55,Napa,27653,4.09,113220,757,TON,85.676
1986,216299,GRAPESWINE,57,Nevada,,,125,435,TON,0.0544
1986,216299,GRAPESWINE,61,Placer,126,2.06,260,276,TON,0.0718
1986,216299,GRAPESWINE,65,Riverside,3068,4.41,13530,393,TON,5.3203
1986,216299,GRAPESWINE,67,Sacramento,4100,8,32800,300,TON,9.84
1986,216299,GRAPESWINE,69,SanBenito,2000,3.7,7400,400,TON,2.96
1986,216299,GRAPESWINE,71,SanBernardino,4540,1.89,8600,120,TON,1.035
1986,216299,GRAPESWINE,73,SanDiego,90,1.4,126,330,,0.0416
1986,216299,GRAPESWINE,77,SanJoaquin,34136,7.59,259000,191,TON,49.418
1986,216299,GRAPESWINE,79,SanLuisObispo,6084,3.8,23119,412,TON,9.525
1986,216299,GRAPESWINE,83,SantaBarbara,9510,2.75,26149,424,TON,11.09842
1986,216299,GRAPESWINE,85,SantaClara,1600,3,4800,400,,1.92
1986,216299,GRAPESWINE,95,Solano,1061,4.5,4773,249,TON,1.1877
1986,216299,GRAPESWINE,97,Sonoma,28609,3.77,107992,579,TON,62.56548
1986,216299,GRAPESWINE,99,Stanislaus,17211,8.7,149800,125,,18.794
1986,216299,GRAPESWINE,107,Tulare,14366,9.52,136820,114,TON,15.629
1986,216299,GRAPESWINE,113,Yolo,1270,8.6,10917,229,TON,2.497
1985,216299,GRAPESWINE,1,Alameda,1501,3.55,5336,338,TONS,1.802
1985,216299,GRAPESWINE,5,Amador,1568,3.14,4922,379,TONS,1.8653
1985,216299,GRAPESWINE,13,ContraCosta,873,2.61,2278,290,TONS,0.661
1985,216299,GRAPESWINE,17,ElDorado,116,5.3,615,848,TONS,0.5214
1985,216299,GRAPESWINE,19,Fresno,37851,10.62,401900,115,TONS,46.334
1985,216299,GRAPESWINE,29,Kern,33255,8.48,282000,90,TONS,25.509
1985,216299,GRAPESWINE,31,Kings,1117,11.9,13292,74,TONS,0.984
1985,216299,GRAPESWINE,33,Lake,2990,3.37,10073,414,TONS,4.17268
1985,216299,GRAPESWINE,39,Madera,40100,7.54,302354,94,TONS,28.421
1985,216299,GRAPESWINE,45,Mendocino,10171,4.03,40993,396,TONS,16.2278
1985,216299,GRAPESWINE,47,Merced,12803,8.36,107020,130,TONS,13.873
1985,216299,GRAPESWINE,53,Monterey,28647,4.25,121692,315,TONS,38.321
1985,216299,GRAPESWINE,55,Napa,25690,3.95,101407,772,TONS,78.332
1985,216299,GRAPESWINE,57,Nevada,,,62,405,TONS,0.0251
1985,216299,GRAPESWINE,61,Placer,126,1.36,171,211,TONS,0.0361
1985,216299,GRAPESWINE,65,Riverside,3006,3.71,11152,397,TONS,4.4286
1985,216299,GRAPESWINE,67,Sacramento,4330,7.09,30700,132,TONS,4.052
1985,216299,GRAPESWINE,69,SanBenito,2600,3.5,9100,400,TONS,3.64
1985,216299,GRAPESWINE,71,SanBernardino,5960,2.26,13470,122,TONS,1.646
1985,216299,GRAPESWINE,73,SanDiego,115,1.6,184,210,TONS,0.0386
1985,216299,GRAPESWINE,77,SanJoaquin,35470,8.03,285000,150,TONS,42.84
1985,216299,GRAPESWINE,79,SanLuisObispo,5480,4.4,24112,407,TONS,9.814
1985,216299,GRAPESWINE,83,SantaBarbara,7448,4.28,31877,360,TONS,11.480183
1985,216299,GRAPESWINE,85,SantaClara,1525,3,4575,310,TONS,1.418
1985,216299,GRAPESWINE,95,Solano,1113,5.44,6058,259,TONS,1.5702
1985,216299,GRAPESWINE,97,Sonoma,28099,3.59,100962,572,TONS,57.700792
1985,216299,GRAPESWINE,99,Stanislaus,16250,8.15,132500,129,TONS,17.034
1985,216299,GRAPESWINE,107,Tulare,14479,9.44,136740,108,TONS,14.762
1985,216299,GRAPESWINE,113,Yolo,1169,6.2,7250,211,TONS,1.53
1984,216299,GRAPESWINE,1,Alameda,1672,3.16,5286,398,TONS,2.103
1984,216299,GRAPESWINE,5,Amador,1609,2.88,4641,409,TONS,1.8973
1984,216299,GRAPESWINE,9,Calaveras,77,1.3,100,420,TONS,0.042
1984,216299,GRAPESWINE,13,ContraCosta,851,1.84,1566,302,TONS,0.473
1984,216299,GRAPESWINE,17,ElDorado,313,4.4,1377,416,TONS,0.5723
1984,216299,GRAPESWINE,19,Fresno,34434,8.68,298900,138,TONS,41.346
1984,216299,GRAPESWINE,29,Kern,34861,6.95,242160,97,TONS,23.389
1984,216299,GRAPESWINE,31,Kings,1117,8.75,9774,100,TONS,0.977
1984,216299,GRAPESWINE,33,Lake,2775,3.57,9901,425,TONS,4.20893
1984,216299,GRAPESWINE,39,Madera,36010,6.87,247389,95,TONS,23.502
1984,216299,GRAPESWINE,45,Mendocino,10384,3.72,38626,417,TONS,16.1164
1984,216299,GRAPESWINE,47,Merced,17230,8.94,154000,121,TONS,18.691
1984,216299,GRAPESWINE,53,Monterey,29792,3.93,117020,359,TONS,42.022
1984,216299,GRAPESWINE,55,Napa,24831,4.03,99996,768,TONS,76.836
1984,216299,GRAPESWINE,57,Nevada,,,46,496,TONS,0.0228
1984,216299,GRAPESWINE,61,Placer,129,2.05,265,193,TONS,0.0511
1984,216299,GRAPESWINE,65,Riverside,2661,3.9,10378,335,TONS,3.4797
1984,216299,GRAPESWINE,67,Sacramento,4200,7,29400,133,TONS,3.91
1984,216299,GRAPESWINE,69,SanBenito,4000,3,12000,390,TONS,4.68
1984,216299,GRAPESWINE,71,SanBernardino,6500,2.11,13740,111,TONS,1.526
1984,216299,GRAPESWINE,73,SanDiego,175,1.8,315,310,TONS,0.0977
1984,216299,GRAPESWINE,77,SanJoaquin,35920,6.74,242000,170,TONS,41.142
1984,216299,GRAPESWINE,79,SanLuisObispo,5477,4.3,23551,398,TONS,9.373
1984,216299,GRAPESWINE,83,SantaBarbara,8670,3.85,33380,414,TONS,13.834007
1984,216299,GRAPESWINE,85,SantaClara,1560,2.5,3900,300,TONS,1.17
1984,216299,GRAPESWINE,87,SantaCruz,103,1.55,160,825,TONS,0.132
1984,216299,GRAPESWINE,95,Solano,1054,5.34,5632,271,TONS,1.5272
1984,216299,GRAPESWINE,97,Sonoma,26348,3.81,100293,592,TONS,59.3696
1984,216299,GRAPESWINE,99,Stanislaus,16331,7.32,119600,113,TONS,13.491
1984,216299,GRAPESWINE,107,Tulare,14269,8.27,118000,160,TONS,18.912
1984,216299,GRAPESWINE,113,Yolo,969,6.73,6521,250,TONS,1.63
1983,216299,GRAPESWINE,1,Alameda,1640,3.07,5042,424,TONS,2.137
1983,216299,GRAPESWINE,5,Amador,1365,3.1,4232,396,TONS,1.6775
1983,216299,GRAPESWINE,9,Calaveras,77,2.08,160,400,TONS,0.064
1983,216299,GRAPESWINE,13,ContraCosta,835,2.41,2012,355,TONS,0.714
1983,216299,GRAPESWINE,17,ElDorado,253,4.7,1189,436,TONS,0.5183
1983,216299,GRAPESWINE,19,Fresno,32885,8.8,289400,160,TONS,46.327
1983,216299,GRAPESWINE,21,Glenn,875,6.75,5906,150,TONS,0.886
1983,216299,GRAPESWINE,29,Kern,33156,7.31,242220,101,TONS,24.501
1983,216299,GRAPESWINE,31,Kings,1290,7.3,9417,141,TONS,1.328
1983,216299,GRAPESWINE,33,Lake,2535,3.55,8995,409,TONS,3.682075
1983,216299,GRAPESWINE,39,Madera,31616,9,284544,125,TONS,35.568
1983,216299,GRAPESWINE,45,Mendocino,10193,3.52,35850,408,TONS,14.6185
1983,216299,GRAPESWINE,47,Merced,15979,7.41,118400,143,TONS,16.936
1983,216299,GRAPESWINE,53,Monterey,28112,3.4,95635,374,TONS,35.73
1983,216299,GRAPESWINE,55,Napa,25245,3.53,89084,714,TONS,63.604
1983,216299,GRAPESWINE,57,Nevada,,,23,500,TONS,0.0115
1983,216299,GRAPESWINE,61,Placer,129,2,258,265,TONS,0.0684
1983,216299,GRAPESWINE,65,Riverside,2583,4.12,10642,275,TONS,2.9231
1983,216299,GRAPESWINE,67,Sacramento,3610,5.6,20200,170,TONS,3.434
1983,216299,GRAPESWINE,69,SanBenito,3950,3.4,13430,420,TONS,5.641
1983,216299,GRAPESWINE,71,SanBernardino,6600,2.59,17070,120,TONS,2.049
1983,216299,GRAPESWINE,73,SanDiego,213,1.9,405,415,TONS,0.168
1983,216299,GRAPESWINE,77,SanJoaquin,34350,6.32,217000,228,TONS,49.465
1983,216299,GRAPESWINE,79,SanLuisObispo,4977,3.9,19410,432,TONS,8.385
1983,216299,GRAPESWINE,83,SantaBarbara,8452,2.47,20876,563,TONS,11.750683
1983,216299,GRAPESWINE,85,SantaClara,1645,2,3290,350,TONS,1.152
1983,216299,GRAPESWINE,87,SantaCruz,97,1.27,123,821,TONS,0.101
1983,216299,GRAPESWINE,95,Solano,1136,4.69,5329,261,TONS,1.3891
1983,216299,GRAPESWINE,97,Sonoma,25541,3.14,80201,543,TONS,43.5141
1983,216299,GRAPESWINE,99,Stanislaus,16312,7.51,122500,147,TONS,17.975
1983,216299,GRAPESWINE,107,Tulare,14045,9.04,127000,166,TONS,21.05
1983,216299,GRAPESWINE,113,Yolo,939,7.12,6686,285,TONS,1.906
1982,216299,GRAPESWINE,1,Alameda,1610,3.93,6326,528,TONS,3.342
1982,216299,GRAPESWINE,5,Amador,1154,3.46,3988,441,TONS,1.7586
1982,216299,GRAPESWINE,9,Calaveras,77,1.82,140,400,TONS,0.056
1982,216299,GRAPESWINE,17,ElDorado,245,3.25,796,417,TONS,0.3318
1982,216299,GRAPESWINE,19,Fresno,31691,11.19,354600,153,TONS,54.187
1982,216299,GRAPESWINE,21,Glenn,875,6.75,5906,150,TONS,0.886
1982,216299,GRAPESWINE,29,Kern,31972,10.43,333370,146,TONS,48.744
1982,216299,GRAPESWINE,31,Kings,1074,10.55,11331,124,TONS,1.405045
1982,216299,GRAPESWINE,33,Lake,2616,3.27,8556,498,TONS,4.26013
1982,216299,GRAPESWINE,39,Madera,27893,10,278930,140,TONS,39.05
1982,216299,GRAPESWINE,45,Mendocino,9667,4.7,45456,421,TONS,19.137
1982,216299,GRAPESWINE,47,Merced,12580,10.13,127400,143,TONS,18.258
1982,216299,GRAPESWINE,53,Monterey,24673,3.64,89735,462,TONS,41.458
1982,216299,GRAPESWINE,55,Napa,24168,4.08,98687,773,TONS,76.257
1982,216299,GRAPESWINE,61,Placer,129,1.22,157,303,TONS,0.0476
1982,216299,GRAPESWINE,65,Riverside,2583,3.41,8810,249,TONS,2.1934
1982,216299,GRAPESWINE,67,Sacramento,3410,2.99,10200,180,TONS,1.836
1982,216299,GRAPESWINE,69,SanBenito,4575,3.1,14180,400,TONS,5.672
1982,216299,GRAPESWINE,71,SanBernardino,6990,3.16,22110,183,TONS,4.044
1982,216299,GRAPESWINE,73,SanDiego,281,2.6,731,404,TONS,0.295
1982,216299,GRAPESWINE,77,SanJoaquin,33386,7.28,243000,167,TONS,40.538
1982,216299,GRAPESWINE,79,SanLuisObispo,4500,3.9,17550,602,TONS,10.56
1982,216299,GRAPESWINE,83,SantaBarbara,6382,2.95,18827,561,TONS,10.566654
1982,216299,GRAPESWINE,85,SantaClara,1732,3,5195,400,TONS,2.078
1982,216299,GRAPESWINE,95,Solano,1164,4.78,5560,258,TONS,1.4358
1982,216299,GRAPESWINE,97,Sonoma,24746,4,98979,565,TONS,55.9103
1982,216299,GRAPESWINE,99,Stanislaus,19767,9.51,187900,119,TONS,22.294
1982,216299,GRAPESWINE,107,Tulare,13671,8.19,112000,187,TONS,20.916
1982,216299,GRAPESWINE,113,Yolo,501,9.1,4559,294,TONS,1.34
1981,216299,GRAPESWINE,1,Alameda,1725,2.82,4860,548,TONS,2.662
1981,216299,GRAPESWINE,5,Amador,930,3.18,2957,487,TONS,1.4401
1981,216299,GRAPESWINE,9,Calaveras,57,0.88,50,450,TONS,0.0225
1981,216299,GRAPESWINE,19,Fresno,34210,8.54,292000,205,TONS,60
1981,216299,GRAPESWINE,29,Kern,33840,7.97,269860,186,TONS,50.095
1981,216299,GRAPESWINE,31,Kings,1029,6.04,6215,230,TONS,1.42945
1981,216299,GRAPESWINE,33,Lake,2678,2.69,7206,500,TONS,3.60316
1981,216299,GRAPESWINE,39,Madera,27713,9,249417,195,TONS,48.636
1981,216299,GRAPESWINE,47,Merced,13536,7.8,105600,219,TONS,23.137
1981,216299,GRAPESWINE,55,Napa,22152,3.62,80155,732,TONS,58.659
1981,216299,GRAPESWINE,65,Riverside,2377,4.07,9667,404,TONS,3.9032
1981,216299,GRAPESWINE,67,Sacramento,3350,6.99,23400,224,TONS,5.242
1981,216299,GRAPESWINE,69,SanBenito,4550,2.8,12750,500,TONS,6.375
1981,216299,GRAPESWINE,71,SanBernardino,8020,1.85,14840,162,TONS,2.398
1981,216299,GRAPESWINE,73,SanDiego,149,3.3,492,472,TONS,0.232
1981,216299,GRAPESWINE,77,SanJoaquin,31668,6.56,207600,254,TONS,52.692
1981,216299,GRAPESWINE,83,SantaBarbara,5496,2.78,15279,554,TONS,8.461052
1981,216299,GRAPESWINE,95,Solano,1140,4.52,5154,328,TONS,1.6923
1981,216299,GRAPESWINE,97,Sonoma,23776,3.39,80675,590,TONS,47.626
1981,216299,GRAPESWINE,99,Stanislaus,17550,6.81,119600,214,TONS,25.597
1981,216299,GRAPESWINE,107,Tulare,13431,9.48,127300,234,TONS,29.76
1981,216299,GRAPESWINE,113,Yolo,566,7.61,4307,362,TONS,1.559
1980,216299,GRAPESWINE,1,Alameda,1660,2.36,3918,542,TONS,2.125
1980,216299,GRAPESWINE,5,Amador,912,3.49,3183,450,TONS,1.4323
1980,216299,GRAPESWINE,9,Calaveras,50,0.8,40,440,TONS,0.0176
1980,216299,GRAPESWINE,19,Fresno,35170,10.21,359100,174,TONS,62.516
1980,216299,GRAPESWINE,29,Kern,36339,8.37,304000,152,TONS,46.208
1980,216299,GRAPESWINE,31,Kings,1122,7.9,8864,210,TONS,1.86144
1980,216299,GRAPESWINE,33,Lake,2990,2.25,6722,462,TONS,3.10665
1980,216299,GRAPESWINE,39,Madera,26251,9.5,249384,153,TONS,38.156
1980,216299,GRAPESWINE,47,Merced,13333,9.1,121300,176,TONS,21.333
1980,216299,GRAPESWINE,55,Napa,22261,3.6,80112,622,TONS,49.863
1980,216299,GRAPESWINE,65,Riverside,1701,4.77,8108,238,TONS,1.9323
1980,216299,GRAPESWINE,67,Sacramento,3350,8,26800,210,TONS,5.628
1980,216299,GRAPESWINE,69,SanBenito,4500,3,13500,450,TONS,6.075
1980,216299,GRAPESWINE,71,SanBernardino,10060,3,30200,134,TONS,4.055
1980,216299,GRAPESWINE,73,SanDiego,164,2.1,344,279,TONS,0.096
1980,216299,GRAPESWINE,77,SanJoaquin,32639,5.61,183000,207,TONS,37.897
1980,216299,GRAPESWINE,83,SantaBarbara,5306,1.54,8171,499,TONS,4.073244
1980,216299,GRAPESWINE,95,Solano,1138,3.99,4544,315,TONS,1.4333
1980,216299,GRAPESWINE,97,Sonoma,23639,3.34,78941,506,TONS,39.982
1980,216299,GRAPESWINE,99,Stanislaus,17950,8.8,157900,183,TONS,28.848
1980,216299,GRAPESWINE,107,Tulare,15159,8.88,134600,170,TONS,22.902
1980,216299,GRAPESWINE,113,Yolo,566,8.7,4924,274,TONS,1.351
,,,,,,,,,,
,,,,,,,,,,
,,,,,,,,,,
,,,,,,,,,,
,,,,,,,75,,,
