Date,spot,ln(spot),Random Walk forecast,"forecast errors, e","squared  errors, e2",|e|,|e/y|
1973.01,2.3563,0.857071372,,,,,
1973.02,2.4272,0.886749774,,,,,
1973.03,2.4724,0.905191177,,,,,
1973.04,2.4837,0.909762805,,,,,
1973.05,2.5306,0.92845104,,,,,
1973.06,2.5762,0.946296961,,,,,
1973.07,2.5375,0.931169961,,,,,
1973.08,2.4757,0.906512647,,,,,
1973.09,2.4183,0.883056108,,,,,
1973.10,2.4292,0.887556104,,,,,
1973.11,2.3870,0.870031063,,,,,
1973.12,2.3174,0.84043508,,,,,
1974.01,2.2240,0.799297157,,,,,
1974.02,2.2749,0.821931211,,,,,
1974.03,2.3406,0.850425617,,,,,
1974.04,2.3886,0.870713129,,,,,
1974.05,2.4137,0.881153307,,,,,
1974.06,2.3902,0.871366585,,,,,
1974.07,2.3896,0.871114575,,,,,
1974.08,2.3456,0.852548984,,,,,
1974.09,2.3165,0.840076852,,,,,
1974.10,2.3330,0.847139406,,,,,
1974.11,2.3252,0.8437965,,,,,
1974.12,2.3294,0.845600502,,,,,
1975.01,2.3623,0.859635721,,,,,
1975.02,2.3958,0.873731117,,,,,
1975.03,2.4180,0.882923028,,,,,
1975.04,2.3707,0.86319294,,,,,
1975.05,2.3205,0.841768315,,,,,
1975.06,2.2803,0.824319543,,,,,
1975.07,2.1845,0.781401535,,,,,
1975.08,2.1143,0.748728293,,,,,
1975.09,2.0834,0.734014888,,,,,
1975.10,2.0568,0.721171266,,,,,
1975.11,2.0484,0.717073359,,,,,
1975.12,2.0221,0.704116344,,,,,
1976.01,2.0286,0.707341205,,,,,
1976.02,2.0262,0.706167601,,,,,
1976.03,1.9428,0.664105614,,,,,
1976.04,1.8463,0.613198408,,,,,
1976.05,1.8079,0.592190841,,,,,
1976.06,1.7640,0.567571074,,,,,
1976.07,1.7850,0.579426418,,,,,
1976.08,1.7828,0.578203009,,,,,
1976.09,1.7272,0.546504357,,,,,
1976.10,1.6377,0.493308084,,,,,
1976.11,1.6381,0.493527395,,,,,
1976.12,1.6784,0.517833187,,,,,
1977.01,1.7124,0.537907019,,,,,
1977.02,1.7103,0.536687258,,,,,
1977.03,1.7174,0.540816583,,,,,
1977.04,1.7190,0.541762117,,,,,
1977.05,1.7185,0.541424107,,,,,
1977.06,1.7191,0.541824695,,,,,
1977.07,1.7226,0.543834777,,,,,
1977.08,1.7397,0.553687692,,,,,
1977.09,1.7431,0.555686992,,,,,
1977.10,1.7711,0.57158953,,,,,
1977.11,1.8178,0.597618293,,,,,
1977.12,1.8546,0.617656201,,,,,
1978.01,1.9353,0.660245129,,,,,
1978.02,1.9396,0.662498952,,,,,
1978.03,1.9055,0.644728469,,,,,
1978.04,1.8497,0.615012651,,,,,
1978.05,1.8181,0.5977945,,,,,
1978.06,1.8372,0.608267414,,,,,
1978.07,1.8949,0.639163428,,,,,
1978.08,1.9406,0.662997204,,,,,
1978.09,1.9595,0.672704649,,,,,
1978.10,2.0075,0.696911515,,,,,
1978.11,1.9608,0.673329603,,,,,
1978.12,1.9861,0.686177952,,,,,
1979.01,2.0053,0.695802742,,,,,
1979.02,2.0042,0.695264382,,,,,
1979.03,2.0378,0.711859642,,,,,
1979.04,2.0735,0.729215035,,,,,
1979.05,2.0587,0.722085755,,,,,
1979.06,2.1119,0.7476038,,,,,
1979.07,2.2598,0.815284743,,,,,
1979.08,2.2368,0.805030723,,,,,
1979.09,2.1966,0.78689873,,,,,
1979.10,2.1438,0.762558752,,,,,
1979.11,2.1352,0.758577574,,,,,
1979.12,2.2007,0.788764131,,,,,
1980.01,2.2641,0.817177329,,,,,
1980.02,2.2891,0.828165625,,,,,
1980.03,2.2045,0.790507206,,,,,
1980.04,2.2094,0.792704527,,,,,
1980.05,2.3020,0.833788653,,,,,
1980.06,2.3359,0.848417641,,,,,
1980.07,2.3732,0.864220102,,,,,
1980.08,2.3704,0.863042646,,,,,
1980.09,2.4012,0.875984477,,,,,
1980.10,2.4165,0.882299521,,,,,
1980.11,2.3941,0.873002463,,,,,
1980.12,2.3459,0.852686562,,,,,
1981.01,2.4029,0.876670396,,,,,
1981.02,2.2941,0.830345453,,,,,
1981.03,2.2319,0.802847131,,,,,
1981.04,2.1753,0.777164496,,,,,
1981.05,2.0884,0.736381463,,,,,
1981.06,1.9738,0.679942195,,,,,
1981.07,1.8737,0.627910445,,,,,
1981.08,1.8203,0.599006555,,,,,
1981.09,1.8146,0.595875555,,,,,
1981.10,1.8407,0.610135586,,,,,
1981.11,1.9025,0.643174651,,,,,
1981.12,1.9033,0.643605939,,,,,
1982.01,1.8860,0.63447144,,,,,
1982.02,1.8470,0.613544654,,,,,
1982.03,1.8053,0.590721966,,,,,
1982.04,1.7720,0.5720832,,,,,
1982.05,1.8104,0.593520197,,,,,
1982.06,1.7563,0.563191207,,,,,
1982.07,1.7354,0.551213238,,,,,
1982.08,1.7250,0.545208605,,,,,
1982.09,1.7120,0.537673404,,,,,
1982.10,1.6962,0.528363925,,,,,
1982.11,1.6321,0.48985463,,,,,
1982.12,1.6160,0.479927055,,,,,
1983.01,1.5756,0.454654286,,,,,
1983.02,1.5329,0.427157933,,,,,
1983.03,1.4900,0.398779038,,,,,
1983.04,1.5361,0.429246737,,,,,
1983.05,1.5722,0.452448653,,,,,
1983.06,1.5480,0.436960839,,,,,
1983.07,1.5273,0.423491649,,,,,
1983.08,1.5026,0.407170899,,,,,
1983.09,1.4986,0.404556759,,,,,
1983.10,1.4969,0.403402983,,,,,
1983.11,1.4766,0.389770662,,,,,
1983.12,1.4338,0.360348189,,,,,
1984.01,1.4076,0.341875977,,,,,
1984.02,1.4417,0.365804719,,,,,
1984.03,1.4557,0.375499375,,,,,
1984.04,1.4210,0.351394359,,,,,
1984.05,1.3894,0.328885085,,,,,
1984.06,1.3770,0.319927969,,,,,
1984.07,1.3200,0.277642559,,,,,
1984.08,1.3132,0.272473528,,,,,
1984.09,1.2563,0.228183461,,,,,
1984.10,1.2196,0.198511755,,,,,
1984.11,1.2392,0.21446601,,,,,
1984.12,1.1861,0.170662183,,,,,
1985.01,1.1271,0.119643737,,,,,
1985.02,1.0931,0.089058355,,,,,
1985.03,1.1253,0.118020045,,,,,
1985.04,1.2377,0.213287871,,,,,
1985.05,1.2483,0.221753495,,,,,
1985.06,1.2808,0.247512209,,,,,
1985.07,1.3807,0.32261037,,,,,
1985.08,1.3841,0.325013984,,,,,
1985.09,1.3642,0.310560846,,,,,
1985.10,1.4215,0.35172864,,,,,
1985.11,1.4396,0.364372609,,,,,
1985.12,1.4447,0.367911576,,,,,
1986.01,1.4244,0.353740643,,,,,
1986.02,1.4297,0.357438863,,,,,
1986.03,1.4674,0.383495372,,,,,
1986.04,1.4985,0.404485841,,,,,
1986.05,1.5211,0.419461932,,,,,
1986.06,1.5085,0.41111578,,,,,
1986.07,1.5071,0.410157114,,,,,
1986.08,1.4861,0.39617126,,,,,
1986.09,1.4698,0.385132817,,,,,
1986.10,1.4264,0.355169721,,,,,
1986.11,1.4238,0.353333256,,,,,
1986.12,1.4393,0.364141094,,,,,
1987.01,1.5054,0.409085214,,,,,
1987.02,1.5280,0.423956246,,,,,
1987.03,1.5923,0.465150965,,,,,
1987.04,1.6313,0.48937167,,,,,
1987.05,1.6666,0.510812624,,,,,
1987.06,1.6288,0.487865873,,,,,
1987.07,1.6090,0.475588548,,,,,
1987.08,1.5996,0.469747644,,,,,
1987.09,1.6446,0.497488507,,,,,
1987.10,1.6620,0.507993044,,,,,
1987.11,1.7754,0.574022785,,,,,
1987.12,1.8288,0.603650072,,,,,
1988.01,1.8009,0.588304075,,,,,
1988.02,1.7582,0.56429909,,,,,
1988.03,1.8330,0.605958713,,,,,
1988.04,1.8782,0.630334154,,,,,
1988.05,1.8695,0.625653185,,,,,
1988.06,1.7768,0.574811435,,,,,
1988.07,1.7051,0.533632557,,,,,
1988.08,1.6965,0.528587808,,,,,
1988.09,1.6840,0.521152121,,,,,
1988.10,1.7388,0.553166464,,,,,
1988.11,1.8085,0.592511596,,,,,
1988.12,1.8258,0.602031288,,,,,
1989.01,1.7737,0.573081855,,,,,
1989.02,1.7534,0.56153875,,,,,
1989.03,1.7134,0.538500001,,,,,
1989.04,1.7008,0.531089909,,,,,
1989.05,1.6307,0.48900937,,,,,
1989.06,1.5530,0.440176837,,,,,
1989.07,1.6268,0.486633336,,,,,
1989.08,1.5947,0.466688357,,,,,
1989.09,1.5715,0.452005124,,,,,
1989.10,1.5874,0.462121456,,,,,
1989.11,1.5726,0.45270002,,,,,
1989.12,1.5965,0.467832524,,,,,
1990.01,1.6512,0.501531135,,,,,
1990.02,1.6961,0.528353219,,,,,
1990.03,1.6245,0.485169297,,,,,
1990.04,1.6372,0.492984557,,,,,
1990.05,1.6774,0.517217877,,,,,
1990.06,1.7103,0.536679931,,,,,
1990.07,1.8098,0.593218973,,,,,
1990.08,1.9013,0.642544723,,,,,
1990.09,1.8794,0.630958178,,,,,
1990.10,1.9456,0.665551722,,,,,
1990.11,1.9642,0.675102857,,,,,
1990.12,1.9219,0.653303874,,,,,
1991.01,1.9346,0.659917817,,,,,
1991.02,1.9641,0.675039484,,,,,
1991.03,1.8214,0.599615894,,,,,
1991.04,1.7497,0.559441747,,,,,
1991.05,1.7238,0.544512698,,,,,
1991.06,1.6497,0.500611638,,,,,
1991.07,1.6513,0.50157662,,,,,
1991.08,1.6841,0.521207005,,,,,
1991.09,1.7265,0.546073069,,,,,
1991.10,1.7231,0.544146098,,,,,
1991.11,1.7796,0.576382705,,,,,
1991.12,1.8272,0.602779528,,,,,
1992.01,1.8090,0.592763677,,,,,
1992.02,1.7778,0.575400328,,,,,
1992.03,1.7238,0.544552251,,,,,
1992.04,1.7566,0.563393061,,,,,
1992.05,1.8095,0.593042274,,,,,
1992.06,1.8551,0.617921451,,,,,
1992.07,1.9177,0.651106146,,,,,
1992.08,1.9434,0.664439016,,,,,
1992.09,1.8465,0.613297113,,,,,
1992.10,1.6529,0.502542845,,,,,
1992.11,1.5268,0.4231637,,,,,
1992.12,1.5510,0.438899884,,,,,
1993.01,1.5325,0.426931298,,,,,
1993.02,1.4395,0.364295831,,,,,
1993.03,1.4617,0.379609065,,,,,
1993.04,1.5447,0.434859142,,,,,
1993.05,1.5477,0.436769958,,,,,
1993.06,1.5082,0.41093497,,,,,
1993.07,1.4955,0.402470152,,,,,
1993.08,1.4914,0.399693941,,,,,
1993.09,1.5248,0.421844516,,,,,
1993.10,1.5023,0.406980626,,,,,
1993.11,1.4808,0.392589235,,,,,
1993.12,1.4913,0.399633645,,,,,
1994.01,1.4923,0.400348708,,,,,
1994.02,1.4792,0.391476494,,,,,
1994.03,1.4919,0.400044647,,,,,
1994.04,1.4823,0.393582085,,,,,
1994.05,1.5042,0.408261195,,,,,
1994.06,1.5262,0.422804812,,,,,
1994.07,1.5467,0.436139792,,,,,
1994.08,1.5422,0.433218426,,,,,
1994.09,1.5661,0.448579331,,,,,
1994.10,1.6064,0.4739832,,,,,
1994.11,1.5892,0.463246476,,,,,
1994.12,1.5587,0.4438277,,,,,
1995.01,1.5746,0.454004447,,,,,
1995.02,1.5720,0.452358738,,,,,
1995.03,1.6002,0.47012047,,,,,
1995.04,1.6073,0.474543309,,,,,
1995.05,1.5874,0.462080277,,,,,
1995.06,1.5948,0.466756887,,,,,
1995.07,1.5952,0.466974045,,,,,
1995.08,1.5668,0.449032548,,,,,
1995.09,1.5590,0.444025347,,,,,
1995.10,1.5779,0.456112956,,,,,
1995.11,1.5625,0.446271864,,,,,
1995.12,1.5405,0.432110285,,,,,
1996.01,1.5288,0.424464425,,,,,
1996.02,1.5360,0.429155593,,,,,
1996.03,1.5271,0.423345566,,,,,
1996.04,1.5160,0.416102272,,,,,
1996.05,1.5152,0.415571442,,,,,
1996.06,1.5416,0.432814351,,,,,
1996.07,1.5530,0.440191471,,,,,
1996.08,1.5499,0.438178682,,,,,
1996.09,1.5593,0.444230589,,,,,
1996.10,1.5863,0.461412857,,,,,
1996.11,1.6623,0.508208518,,,,,
1996.12,1.6639,0.509184277,,,,,
1997.01,1.6585,0.505922193,,,,,
1997.02,1.6256,0.485896404,,,,,
1997.03,1.6096,0.475959075,,,,,
1997.04,1.6293,0.488164424,,,,,
1997.05,1.6322,0.489908376,,,,,
1997.06,1.6449,0.497662222,,,,,
1997.07,1.6694,0.512453389,,,,,
1997.08,1.6035,0.472203589,,,,,
1997.09,1.6013,0.47080093,,,,,
1997.10,1.6330,0.490424381,,,,,
1997.11,1.6889,0.524080719,,,,,
1997.12,1.6597,0.506636863,,,,,
1998.01,1.6350,0.491618339,,,,,
1998.02,1.6408,0.495190343,,,,,
1998.03,1.6619,0.507980672,,,,,
1998.04,1.6723,0.514189052,,,,,
1998.05,1.6382,0.493622495,,,,,
1998.06,1.6504,0.500995649,,,,,
1998.07,1.6437,0.496941863,,,,,
1998.08,1.6342,0.491156302,,,,,
1998.09,1.6823,0.520133598,,,,,
1998.10,1.6944,0.527339937,,,,,
1998.11,1.6611,0.507470528,,,,,
1998.12,1.6708,0.513299833,,,,,
1999.01,1.6498,0.500625356,,,,,
1999.02,1.6276,0.487129173,,,,,
1999.03,1.6213,0.483241705,,,,,
1999.04,1.6089,0.475519638,,,,,
1999.05,1.6154,0.479588794,,,,,
1999.06,1.5950,0.466885135,,,,,
1999.07,1.5751,0.454309693,,,,,
1999.08,1.6058,0.473639059,,,,,
1999.09,1.6247,0.48531439,,,,,
1999.10,1.6572,0.505111328,,,,,
1999.11,1.6205,0.482725487,,,,,
1999.12,1.6132,0.478227869,,,,,
2000.01,1.6404,0.494940115,,,,,
2000.02,1.6000,0.469994254,,,,,
2000.03,1.5799,0.457361554,,,,,
2000.04,1.5823,0.458907924,,,,,
2000.05,1.5090,0.411423082,,,,,
2000.06,1.5092,0.411609827,,,,,
2000.07,1.5076,0.410515666,,,,,
2000.08,1.4889,0.398046353,,,,,
2000.09,1.4336,0.360153885,,,,,
2000.10,1.4506,0.372010091,,,,,
2000.11,1.4258,0.354706341,,,,,
2000.12,1.4629,0.380431021,,,,,
2001.01,1.4775,0.390348247,,,,,
2001.02,1.4525,0.373293457,,,,,
2001.03,1.4445,0.36773492,,,,,
2001.04,1.4348,0.361005553,,,,,
2001.05,1.4265,0.355223892,,,,,
2001.06,1.4020,0.337906582,,,,,
2001.07,1.4148,0.346957886,,,,,
2001.08,1.4372,0.362684675,,,,,
2001.09,1.4638,0.381043385,,,,,
2001.10,1.4501,0.37163252,,,,,
2001.11,1.4356,0.361589846,,,,,
2001.12,1.4413,0.3655212,,,,,
2002.01,1.4322,0.359238322,,,,,
2002.02,1.4227,0.35258237,,,,,
2002.03,1.4230,0.352784051,,,,,
2002.04,1.4429,0.366661278,,,,,
2002.05,1.4598,0.378308781,,,,,
2002.06,1.4837,0.394528858,,,,,
2002.07,1.5565,0.442451392,,,,,
2002.08,1.5368,0.429731909,,,,,
2002.09,1.5563,0.442330486,,,,,
2002.10,1.5575,0.443055705,,,,,
2002.11,1.5711,0.451786061,,,,,
2002.12,1.5863,0.461401259,,,,,
2003.01,1.6175,0.480905299,,,,,
2003.02,1.6079,0.474958439,,,,,
2003.03,1.5825,0.45898782,,,,,
2003.04,1.5739,0.453539287,,,,,
2003.05,1.6224,0.483877183,,,,,
2003.06,1.6609,0.507345289,,,,,
2003.07,1.6221,0.483721606,,,,,
2003.08,1.5939,0.466159942,,,,,
2003.09,1.6155,0.479629768,,,,,
2003.10,1.6792,0.518295834,,,,,
2003.11,1.6897,0.524574013,,,,,
2003.12,1.7516,0.560532251,,,,,
2004.01,1.8255,0.601834749,,,,,
2004.02,1.8673,0.624490719,,,,,
2004.03,1.8261,0.602182545,,,,,
2004.04,1.8031,0.589504885,,,,,
2004.05,1.7860,0.579975683,,,,,
2004.06,1.8279,0.60317274,,,,,
2004.07,1.8438,0.611828659,,,,,
2004.08,1.8203,0.598976351,,,,,
2004.09,1.7937,0.584264597,,,,,
2004.10,1.8077,0.592049787,,,,,
2004.11,1.8607,0.620942012,,,,,
2004.12,1.9286,0.65681464,,,,,
2005.01,1.8797,0.63112549,,,,,
2005.02,1.8871,0.635044048,,,,,
2005.03,1.9043,0.64411677,,,,,
2005.04,1.8961,0.639801656,,,,,
2005.05,1.8559,0.618349227,,,,,
2005.06,1.8177,0.597591971,,,,,
2005.07,1.7507,0.560041412,,,,,
2005.08,1.7944,0.584685242,,,,,
2005.09,1.8064,0.591349095,,,,,
2005.10,1.7651,0.568201681,,,,,
2005.11,1.7349,0.550955539,,,,,
2005.12,1.7458,0.557215631,,,,,
2006.01,1.7686,0.570182619,,,,,
2006.02,1.7480,0.558469266,,,,,
2006.03,1.7442,0.55628852,,,,,
2006.04,1.7680,0.569874416,,,,,
2006.05,1.8687,0.625250299,,,,,
2006.06,1.8435,0.611685664,,,,,
2006.07,1.8443,0.612124201,,,,,
2006.08,1.8941,0.638727723,,,,,
2006.09,1.8839,0.633336134,,,,,
2006.10,1.8765,0.62940834,,,,,
2006.11,1.9125,0.648423736,,,,,
2006.12,1.9629,0.674400046,,,,,
2007.01,1.9587,0.672290712,,,,,
2007.02,1.9589,0.672407272,,,,,
2007.03,1.9474,0.666509154,,,,,
2007.04,1.9879,0.687071619,,,,,
2007.05,1.9842,0.685199774,,,,,
2007.06,1.9867,0.686489352,,,,,
2007.07,2.0355,0.710727452,,,,,
2007.08,2.0110,0.698645083,,,,,
2007.09,2.0184,0.702295209,,,,,
2007.10,2.0449,0.715346762,,,,,
2007.11,2.0701,0.727615318,,,,,
2007.12,2.0161,0.701140151,,,,,
2008.01,1.9702,0.678154396,,,,,
2008.02,1.9646,0.675270847,,,,,
2008.03,2.0015,0.693880245,,,,,
2008.04,1.9816,0.683888542,,,,,
2008.05,1.9650,0.675480128,,,,,
2008.06,1.9664,0.676228676,,,,,
2008.07,1.9888,0.687545155,,,,,
2008.08,1.8865,0.634730833,,,,,
2008.09,1.7973,0.586288188,,,,,
2008.10,1.6862,0.522466694,,,,,
2008.11,1.5327,0.427016387,,,,,
2008.12,1.4854,0.395687156,,,,,
2009.01,1.4462,0.368946341,,,,,
2009.02,1.4422,0.366184323,,,,,
2009.03,1.4170,0.348548376,,,,,
2009.04,1.4712,0.386059856,,,,,
2009.05,1.5418,0.432953808,,,,,
2009.06,1.6369,0.492781994,,,,,
2009.07,1.6378,0.493375115,,,,,
2009.08,1.6532,0.502721445,,,,,
2009.09,1.6323,0.489981311,,,,,
2009.10,1.6212,0.483148992,,,,,
2009.11,1.6599,0.506731993,,,,,
2009.12,1.6226,0.484043808,,,,,
2010.01,1.6158,0.479839962,,,,,
2010.02,1.5618,0.445815412,,,,,
2010.03,1.5058,0.409350305,,,,,
2010.04,1.5332,0.427362984,,,,,
2010.05,1.4669,0.383147922,,,,,
2010.06,1.4768,0.389889896,,,,,
2010.07,1.5304,0.425535362,,,,,
2010.08,1.5661,0.448562331,,,,,
2010.09,1.5591,0.444108732,,,,,
2010.10,1.5867,0.461646934,,,,,
2010.11,1.5961,0.467544358,,,,,
2010.12,1.5595,0.444395791,,,,,
2011.01,1.5782,0.456288125,,,,,
2011.02,1.6124,0.477736809,,,,,
2011.03,1.6159,0.479878624,,,,,
2011.04,1.6379,0.493441099,,,,,
2011.05,1.6332,0.490570437,,,,,
2011.06,1.6219,0.483609512,,,,,
2011.07,1.6158,0.479805434,,,,,
2011.08,1.6356,0.492033633,,,,,
2011.09,1.5771,0.455611872,,,,,
2011.10,1.5768,0.455416503,,,,,
2011.11,1.5806,0.457814012,,,,,
2011.12,1.5587,0.443879636,,,,,
2012.01,1.5524,0.439811783,,,,,
2012.02,1.5804,0.457690634,,,,,
2012.03,1.5824,0.458928319,,,,,
2012.04,1.6000,0.469988748,,,,,
2012.05,1.5924,0.46522804,,,,,
2012.06,1.5556,0.441876629,,,,,
2012.07,1.5593,0.444221733,,,,,
2012.08,1.5722,0.452486974,,,,,
2012.09,1.6126,0.477870629,,,,,
2012.10,1.6080,0.474971383,,,,,
2012.11,1.5968,0.468020414,,,,,
2012.12,1.6145,0.47901602,,,,,
2013.01,1.5965,0.467813733,,,,,
2013.02,1.5474,0.436606714,,,,,
2013.03,1.5080,0.410796901,,,,,
2013.04,1.5311,0.426001275,,,,,
2013.05,1.5297,0.425083524,,,,,
2013.06,1.5493,0.437803216,,,,,
2013.07,1.5179,0.417339779,,,,,
2013.08,1.5505,0.438589186,,,,,
2013.09,1.5885,0.462758698,,,,,
2013.10,1.6098,0.476101477,,,,,
2013.11,1.6100,0.476240717,,,,,
2013.12,1.6383,0.493688185,,,,,
2014.01,1.6470,0.498943886,,,,,
2014.02,1.6558,0.504312883,,,,,
2014.03,1.6624,0.508270935,,,,,
2014.04,1.6748,0.515710039,,,,,
2014.05,1.6842,0.521313293,,,,,
2014.06,1.6908,0.52520179,,,,,
2014.07,1.7066,0.53448977,,,,,
2014.08,1.6700,0.512835032,,,,,
2014.09,1.6290,0.487983869,,,,,
2014.10,1.6074,0.474640589,,,,,
2014.11,1.5771,0.455563059,,,,,
2014.12,1.5644,0.447520627,,,,,
2015.01,1.5142,0.414900455,,,,,
2015.02,1.5329,0.427178533,,,,,
2015.03,1.4958,0.40266422,,,,,
2015.04,1.4968,0.403299128,,,,,
2015.05,1.5456,0.435412184,,,,,
2015.06,1.5576,0.44313742,,,,,
2015.07,1.5560,0.442130111,,,,,
2015.08,1.5578,0.443247058,,,,,
2015.09,1.5338,0.427773153,,,,,
2015.10,1.5343,0.428049422,,,,,
2015.11,1.5194,0.418339768,,,,,
2015.12,1.4981,0.404182468,,,,,
2016.01,1.4392,0.364058147,,,,,
2016.02,1.4290,0.356978398,,,,,
2016.03,1.4249,0.354122995,,,,,
2016.04,1.4319,0.358975629,,,,,
2016.05,1.4524,0.373246868,,,,,
2016.06,1.4197,0.350471195,,,,,
2016.07,1.3134,0.272626809,,,,,
2016.08,1.3101,0.270139975,,,,,
2016.09,1.3140,0.273086792,,,,,
2016.10,1.2330,0.209442114,,,,,
2016.11,1.2432,0.217680657,,,,,
2016.12,1.2483,0.221744478,,,,,
2017.01,1.2367,0.212425262,,,,,
2017.02,1.2495,0.222713985,,,,,
2017.03,1.2347,0.210852675,0.006,< ---- mu (drift),,,
2017.04,1.2639,0.234221959,0.216852675,0.017369284,0.000301692,0.017369284,0.074157367
2017.05,1.2929,0.256880726,0.222852675,0.034028051,0.001157908,0.034028051,0.132466346
2017.06,1.2810,0.247665861,0.228852675,0.018813186,0.000353936,0.018813186,0.075961968
2017.07,1.2996,0.262083456,0.234852675,0.027230781,0.000741515,0.027230781,0.103901183
2017.08,1.2952,0.258648339,0.240852675,0.017795664,0.000316686,0.017795664,0.068802545
2017.09,1.3340,0.288181947,0.246852675,0.041329273,0.001708109,0.041329273,0.143413816
2017.10,1.3202,0.277765205,0.252852675,0.024912531,0.000620634,0.024912531,0.089689169
2017.11,1.3217,0.278952833,0.258852675,0.020100158,0.000404016,0.020100158,0.07205576
2017.12,1.3404,0.292938235,0.264852675,0.02808556,0.000788799,0.02808556,0.095875364
2018.01,1.3824,0.323810785,0.270852675,0.05295811,0.002804561,0.05295811,0.163546468
2018.02,1.3961,0.333671325,0.276852675,0.05681865,0.003228359,0.05681865,0.170283288
2018.03,1.3976,0.334727208,0.282852675,0.051874534,0.002690967,0.051874534,0.154975551
2018.04,1.4079,0.342112761,0.288852675,0.053260087,0.002836637,0.053260087,0.155679918
2018.05,1.3470,0.297866399,0.294852675,0.003013725,9.08254E-06,0.003013725,0.010117705
2018.06,1.3294,0.284742041,0.300852675,-0.016110634,0.000259553,0.016110634,0.056579753
2018.07,1.3162,0.274741561,0.306852675,-0.032111114,0.001031124,0.032111114,0.116877525
2018.08,1.2878,0.252965721,0.312852675,-0.059886954,0.003586447,0.059886954,0.236739402
2018.09,1.3066,0.267452512,0.318852675,-0.051400163,0.002641977,0.051400163,0.192184259
2018.10,1.3012,0.263276436,0.324852675,-0.061576239,0.003791633,0.061576239,0.233884354
2018.11,1.2900,0.254638342,0.330852675,-0.076214332,0.005808624,0.076214332,0.299304228
2018.12,1.2664,0.236156295,0.336852675,-0.10069638,0.010139761,0.10069638,0.426397187
2019.01,1.2901,0.25469648,0.342852675,-0.088156194,0.007771515,0.088156194,0.346122546
2019.02,1.3016,0.263619886,0.348852675,-0.085232789,0.007264628,0.085232789,0.323316992
2019.03,1.3167,0.275096057,0.354852675,-0.079756618,0.006361118,0.079756618,0.289922796
2019.04,1.3029,0.264620459,0.360852675,-0.096232216,0.009260639,0.096232216,0.363661286
2019.05,1.2855,0.251108852,0.366852675,-0.115743823,0.013396633,0.115743823,0.460930877
2019.06,1.2675,0.237054346,0.372852675,-0.135798329,0.018441186,0.135798329,0.572857368
2019.07,1.2461,0.220007731,0.378852675,-0.158844944,0.025231716,0.158844944,0.721997103
2019.08,1.2160,0.195551831,0.384852675,-0.189300844,0.035834809,0.189300844,0.968034113
2019.09,1.2369,0.212579952,0.390852675,-0.178272722,0.031781164,0.178272722,0.838614932
2019.10,1.2657,0.235596598,0.396852675,-0.161256076,0.026003522,0.161256076,0.684458424
2019.11,1.2884,0.253417478,0.402852675,-0.149435196,0.022330878,0.149435196,0.589679912
2019.12,1.3109,0.270717557,0.408852675,-0.138135118,0.019081311,0.138135118,0.510255484
2020.01,1.3076,0.268226171,0.414852675,-0.146626504,0.021499332,0.146626504,0.54665249
2020.02,1.2953,0.258738265,0.420852675,-0.16211441,0.026281082,0.16211441,0.626557534
2020.03,1.2369,0.212597225,0.426852675,-0.21425545,0.045905398,0.21425545,1.007799845
2020.04,1.2420,0.216697365,0.432852675,-0.21615531,0.046723118,0.21615531,0.997498564
2020.05,1.2302,0.207168629,0.438852675,-0.231684046,0.053677497,0.231684046,1.118335565
2020.06,1.2523,0.225003638,0.444852675,-0.219849036,0.048333599,0.219849036,0.977091028
2020.07,1.2701,0.239113531,0.450852675,-0.211739143,0.044833465,0.211739143,0.885517194
2020.08,1.3143,0.273278842,0.456852675,-0.183573833,0.033699352,0.183573833,0.671745501
2020.09,1.2947,0.258264296,0.462852675,-0.204588379,0.041856405,0.204588379,0.792166715
2020.10,1.2980,0.260806275,0.468852675,-0.2080464,0.043283305,0.2080464,0.797704733
2020.11,1.3198,0.277505466,0.474852675,-0.197347209,0.038945921,0.197347209,0.711147105
2020.12,1.3434,0.295224982,0.480852675,-0.185627693,0.03445764,0.185627693,0.628766889
2021.01,1.3641,0.310523379,0.486852675,-0.176329296,0.031092021,0.176329296,0.567845476
2021.02,1.3867,0.326930619,0.492852675,-0.165922056,0.027530129,0.165922056,0.507514579
2021.03,1.3863,0.326657145,0.498852675,-0.17219553,0.0296513,0.17219553,0.527144538
2021.04,1.3845,0.325335781,0.504852675,-0.179516894,0.032226315,0.179516894,0.551789582
2021.05,1.4084,0.342418806,0.510852675,-0.168433868,0.028369968,0.168433868,0.491894327
2021.06,1.4025,0.338236912,0.516852675,-0.178615762,0.031903591,0.178615762,0.528078858
2021.07,1.3808,0.322649247,0.522852675,-0.200203428,0.040081413,0.200203428,0.620498669
2021.08,1.3797,0.321852906,0.528852675,-0.206999769,0.042848904,0.206999769,0.643150224
2021.09,1.3732,0.31714725,0.534852675,-0.217705424,0.047395652,0.217705424,0.686449037
2021.10,1.3701,0.314876431,0.540852675,-0.225976244,0.051065263,0.225976244,0.717666428
2021.11,1.3463,0.297330378,0.546852675,-0.249522297,0.062261377,0.249522297,0.839208894
2021.12,1.3303,0.285400901,0.552852675,-0.267451774,0.071530451,0.267451774,0.937109072
2022.01,1.3555,0.304188833,0.558852675,-0.254663842,0.064853672,0.254663842,0.837189975
2022.02,1.3540,0.303078723,0.564852675,-0.261773952,0.068525602,0.261773952,0.863716032
2022.03,1.3168,0.275214456,0.570852675,-0.295638218,0.087401956,0.295638218,1.074210354
2022.04,1.2933,0.257230229,0.576852675,-0.319622446,0.102158508,0.319622446,1.242553986
,,,,,,,
,,,,,,,
,,,,,0.160244351,0.136785713,51.04876752
,,,,,RMSE,MAE,MAPE
